"序号","标题","篇章","状态","备注","正文字符数"
"1","无光之海01","无光之海","可用","","4091"
"2","无光之海02","无光之海","可用","","3037"
"3","无光之海03","无光之海","可用","","3123"
"4","无光之海04","无光之海","可用","","3758"
"5","无光之海05","无光之海","可用","","3556"
"6","无光之海06","无光之海","可用","","3205"
"7","无光之海07","无光之海","可用","","3738"
"8","无光之海08","无光之海","可用","","3336"
"9","无光之海09","无光之海","可用","","4006"
"10","无光之海10","无光之海","可用","","4224"
"11","无光之海11","无光之海","可用","","4194"
"12","无光之海12","无光之海","可用","","3457"
"13","无光之海13","无光之海","可用","","4312"
"14","无光之海14","无光之海","可用","","3579"
"15","无光之海15","无光之海","可用","","9559"
"16","无光之海16","无光之海","可用","","9500"
"17","无光之海17","无光之海","可用","","5740"
"18","无光之海18","无光之海","可用","","6620"
"19","无光之海19","无光之海","可用","","3327"
"20","无光之海20","无光之海","缺失","仅保留章节标题，无正文","0"
"21","无光之海21","无光之海","缺失","仅保留章节标题，无正文","0"
"22","无光之海22","无光之海","缺失","仅保留章节标题，无正文","0"
"23","无光之海23","无光之海","缺失","仅保留章节标题，无正文","0"
"24","无光之海24","无光之海","缺失","仅保留章节标题，无正文","0"
"25","无光之海25","无光之海","缺失","仅保留章节标题，无正文","0"
"26","无光之海26","无光之海","缺失","仅保留章节标题，无正文","0"
"27","无光之海27","无光之海","缺失","仅保留章节标题，无正文","0"
"28","无光之海28","无光之海","缺失","仅保留章节标题，无正文","0"
"29","无光之海29","无光之海","缺失","仅保留章节标题，无正文","0"
"30","无光之海30","无光之海","缺失","仅保留章节标题，无正文","0"
"31","无光之海31","无光之海","缺失","仅保留章节标题，无正文","0"
"32","无光之海32","无光之海","缺失","仅保留章节标题，无正文","0"
"33","无光之海33","无光之海","缺失","仅保留章节标题，无正文","0"
"34","无光之海34","无光之海","缺失","仅保留章节标题，无正文","0"
"35","无光之海35","无光之海","缺失","仅保留章节标题，无正文","0"
"36","无光之海36","无光之海","缺失","仅保留章节标题，无正文","0"
"37","无光之海37","无光之海","缺失","仅保留章节标题，无正文","0"
"38","无光之海38","无光之海","缺失","仅保留章节标题，无正文","0"
"39","无光之海39","无光之海","缺失","仅保留章节标题，无正文","0"
"40","无光之海40","无光之海","缺失","仅保留章节标题，无正文","0"
"41","无光之海41","无光之海","缺失","仅保留章节标题，无正文","0"
"42","无光之海42","无光之海","缺失","仅保留章节标题，无正文","0"
"43","无光之海43","无光之海","缺失","仅保留章节标题，无正文","0"
"44","无光之海44","无光之海","缺失","仅保留章节标题，无正文","0"
"45","无光之海45","无光之海","缺失","仅保留章节标题，无正文","0"
"46","无光之海46","无光之海","缺失","仅保留章节标题，无正文","0"
"47","无光之海47","无光之海","缺失","仅保留章节标题，无正文","0"
"48","无光之海48","无光之海","缺失","仅保留章节标题，无正文","0"
"49","无光之海49","无光之海","缺失","仅保留章节标题，无正文","0"
"50","无光之海50","无光之海","缺失","仅保留章节标题，无正文","0"
"51","无光之海51","无光之海","缺失","仅保留章节标题，无正文","0"
"52","无光之海52","无光之海","缺失","仅保留章节标题，无正文","0"
"53","无光之海53","无光之海","缺失","仅保留章节标题，无正文","0"
"54","无光之海54","无光之海","缺失","仅保留章节标题，无正文","0"
"55","无光之海55","无光之海","缺失","仅保留章节标题，无正文","0"
"56","无光之海56","无光之海","缺失","仅保留章节标题，无正文","0"
"57","无光之海57","无光之海","缺失","仅保留章节标题，无正文","0"
"58","无光之海58","无光之海","缺失","仅保留章节标题，无正文","0"
"59","无光之海59","无光之海","缺失","仅保留章节标题，无正文","0"
"60","无光之海60","无光之海","缺失","仅保留章节标题，无正文","0"
"61","无光之海61","无光之海","缺失","仅保留章节标题，无正文","0"
"62","无光之海62","无光之海","缺失","仅保留章节标题，无正文","0"
"63","无光之海63","无光之海","缺失","仅保留章节标题，无正文","0"
"64","无光之海64","无光之海","缺失","仅保留章节标题，无正文","0"
"65","无光之海65","无光之海","缺失","仅保留章节标题，无正文","0"
"66","无光之海66","无光之海","缺失","仅保留章节标题，无正文","0"
"67","无光之海67","无光之海","缺失","仅保留章节标题，无正文","0"
"68","无光之海68","无光之海","缺失","仅保留章节标题，无正文","0"
"69","无光之海69","无光之海","缺失","仅保留章节标题，无正文","0"
"70","无光之海70","无光之海","缺失","仅保留章节标题，无正文","0"
"71","无光之海71","无光之海","缺失","仅保留章节标题，无正文","0"
"72","无光之海72","无光之海","缺失","仅保留章节标题，无正文","0"
"73","无光之海73","无光之海","缺失","仅保留章节标题，无正文","0"
"74","人造灵魂01","人造灵魂","缺失","仅保留章节标题，无正文","0"
"75","人造灵魂02","人造灵魂","可用","","3611"
"76","人造灵魂03","人造灵魂","可用","","3210"
"77","人造灵魂04","人造灵魂","可用","","4154"
"78","人造灵魂05","人造灵魂","可用","","5614"
"79","人造灵魂06","人造灵魂","缺失","仅保留章节标题，无正文","0"
"80","人造灵魂07","人造灵魂","可用","","3531"
"81","人造灵魂08","人造灵魂","可用","","4261"
"82","人造灵魂09","人造灵魂","可用","","3708"
"83","人造灵魂10","人造灵魂","可用","","3387"
"84","人造灵魂11","人造灵魂","可用","","4183"
"85","人造灵魂12","人造灵魂","可用","","5191"
"86","人造灵魂13","人造灵魂","可用","","5567"
"87","人造灵魂14","人造灵魂","缺失","仅保留章节标题，无正文","0"
"88","人造灵魂15","人造灵魂","缺失","仅保留章节标题，无正文","0"
"89","人造灵魂16","人造灵魂","缺失","仅保留章节标题，无正文","0"
"90","人造灵魂17","人造灵魂","缺失","仅保留章节标题，无正文","0"
"91","人造灵魂18","人造灵魂","缺失","仅保留章节标题，无正文","0"
"92","人造灵魂19","人造灵魂","缺失","仅保留章节标题，无正文","0"
"93","人造灵魂20","人造灵魂","缺失","仅保留章节标题，无正文","0"
"94","人造灵魂21","人造灵魂","缺失","仅保留章节标题，无正文","0"
"95","人造灵魂22","人造灵魂","缺失","仅保留章节标题，无正文","0"
"96","人造灵魂23","人造灵魂","缺失","仅保留章节标题，无正文","0"
"97","人造灵魂24","人造灵魂","缺失","仅保留章节标题，无正文","0"
"98","人造灵魂25","人造灵魂","缺失","仅保留章节标题，无正文","0"
"99","人造灵魂26","人造灵魂","缺失","仅保留章节标题，无正文","0"
"100","人造灵魂27","人造灵魂","缺失","仅保留章节标题，无正文","0"
"101","人造灵魂28","人造灵魂","缺失","仅保留章节标题，无正文","0"
"102","人造灵魂29","人造灵魂","缺失","仅保留章节标题，无正文","0"
"103","人造灵魂30","人造灵魂","缺失","仅保留章节标题，无正文","0"
"104","人造灵魂31","人造灵魂","缺失","仅保留章节标题，无正文","0"
"105","人造灵魂32","人造灵魂","缺失","仅保留章节标题，无正文","0"
"106","人造灵魂33","人造灵魂","缺失","仅保留章节标题，无正文","0"
"107","人造灵魂34","人造灵魂","缺失","仅保留章节标题，无正文","0"
"108","人造灵魂35","人造灵魂","缺失","仅保留章节标题，无正文","0"
"109","人造灵魂36","人造灵魂","缺失","仅保留章节标题，无正文","0"
"110","人造灵魂37","人造灵魂","可用","","3928"
"111","人造灵魂38","人造灵魂","可用","","4332"
"112","人造灵魂39","人造灵魂","可用","","4522"
"113","人造灵魂40","人造灵魂","可用","","3892"
"114","人造灵魂41","人造灵魂","可用","","3844"
"115","人造灵魂42","人造灵魂","可用","","3193"
"116","人造灵魂43","人造灵魂","可用","","3350"
"117","人造灵魂44","人造灵魂","可用","","3212"
"118","人造灵魂45","人造灵魂","可用","","3315"
"119","人造灵魂46","人造灵魂","可用","","3260"
"120","人造灵魂47","人造灵魂","可用","","3197"
"121","人造灵魂48","人造灵魂","可用","","3201"
"122","人造灵魂49","人造灵魂","可用","","3301"
"123","人造灵魂50","人造灵魂","可用","","5438"
"124","人造灵魂51","人造灵魂","可用","","3199"
"125","人造灵魂52","人造灵魂","可用","","3182"
"126","人造灵魂53","人造灵魂","可用","","3021"
"127","人造灵魂54","人造灵魂","可用","","3541"
"128","人造灵魂55","人造灵魂","可用","","4241"
"129","人造灵魂56","人造灵魂","可用","","5388"
"130","人造灵魂57","人造灵魂","可用","","3239"
"131","人造灵魂58","人造灵魂","可用","","3234"
"132","人造灵魂59","人造灵魂","可用","","4203"
"133","人造灵魂60","人造灵魂","污染","内容与前文重复并夹带抓取站文本，不作为本章证据","3881"
"134","人造灵魂61","人造灵魂","污染","内容与前文重复并夹带抓取站文本，不作为本章证据","4068"
"135","人造灵魂62","人造灵魂","污染","内容与前文重复并夹带抓取站文本，不作为本章证据","5416"
"136","人造灵魂63","人造灵魂","污染","内容与前文重复并夹带抓取站文本，不作为本章证据","7443"
"137","人造灵魂64","人造灵魂","污染","内容与前文重复并夹带抓取站文本，不作为本章证据","3178"
"138","人造灵魂65","人造灵魂","污染","内容与前文重复并夹带抓取站文本，不作为本章证据","3957"
"139","人造灵魂66","人造灵魂","污染","内容与前文重复并夹带抓取站文本，不作为本章证据","4262"
"140","人造灵魂67","人造灵魂","污染","内容与前文重复并夹带抓取站文本，不作为本章证据","4288"
"141","人造灵魂68","人造灵魂","污染","内容与前文重复并夹带抓取站文本，不作为本章证据","4103"
"142","人造灵魂69","人造灵魂","污染","内容与前文重复并夹带抓取站文本，不作为本章证据","3986"
"143","人造灵魂70","人造灵魂","污染","内容与前文重复并夹带抓取站文本，不作为本章证据","3603"
"144","人造灵魂71","人造灵魂","污染","内容与前文重复并夹带抓取站文本，不作为本章证据","4575"
"145","人造灵魂72","人造灵魂","可用","","3523"
"146","无边暗界01","无边暗界","可用","","3189"
"147","无边暗界02","无边暗界","可用","","3278"
"148","无边暗界03","无边暗界","可用","","3181"
"149","无边暗界04","无边暗界","可用","","3131"
"150","无边暗界05","无边暗界","污染","内容与前文重复并夹带抓取站文本，不作为本章证据","5172"
"151","无边暗界06","无边暗界","污染","内容与前文重复并夹带抓取站文本，不作为本章证据","4308"
"152","无边暗界07","无边暗界","污染","内容与前文重复并夹带抓取站文本，不作为本章证据","4186"
"153","无边暗界08","无边暗界","污染","内容与前文重复并夹带抓取站文本，不作为本章证据","3843"
"154","无边暗界09","无边暗界","污染","内容与前文重复并夹带抓取站文本，不作为本章证据","3868"
"155","无边暗界10","无边暗界","污染","内容与前文重复并夹带抓取站文本，不作为本章证据","3859"
"156","无边暗界11","无边暗界","污染","内容与前文重复并夹带抓取站文本，不作为本章证据","4309"
"157","无边暗界12","无边暗界","污染","内容与前文重复并夹带抓取站文本，不作为本章证据","4143"
"158","无边暗界13","无边暗界","可用","","3590"
"159","无边暗界14","无边暗界","可用","","3536"
"160","无边暗界15","无边暗界","可用","","3260"
"161","无边暗界16","无边暗界","可用","","4304"
"162","无边暗界17","无边暗界","可用","","3125"
"163","无边暗界18","无边暗界","可用","","4050"
"164","无边暗界19","无边暗界","可用","","3181"
"165","无边暗界20","无边暗界","可用","","3356"
"166","无边暗界21","无边暗界","可用","","3181"
"167","无边暗界22","无边暗界","可用","","3054"
"168","无边暗界23","无边暗界","可用","","3522"
"169","无边暗界24","无边暗界","可用","","3356"
"170","无边暗界25","无边暗界","可用","","3189"
"171","无边暗界26","无边暗界","可用","","3272"
"172","无边暗界27","无边暗界","可用","","3857"
"173","无边暗界28","无边暗界","可用","","3191"
"174","无边暗界29","无边暗界","可用","","3177"
"175","无边暗界30","无边暗界","可用","","3165"
"176","无边暗界31","无边暗界","可用","","3398"
"177","无边暗界32","无边暗界","可用","","3521"
"178","无边暗界33","无边暗界","可用","","3552"
"179","无边暗界34","无边暗界","可用","","6316"
"180","无边暗界35","无边暗界","可用","","3345"
"181","无边暗界36","无边暗界","可用","","3563"
"182","无边暗界37","无边暗界","可用","","3171"
"183","无边暗界38","无边暗界","可用","","3230"
"184","无边暗界39","无边暗界","可用","","3217"
"185","无边暗界40","无边暗界","可用","","3851"
"186","无边暗界41","无边暗界","可用","","4724"
"187","无边暗界42","无边暗界","可用","","3504"
"188","无边暗界43","无边暗界","可用","","3572"
"189","无边暗界44","无边暗界","可用","","3520"
"190","无边暗界45","无边暗界","可用","","5538"
"191","无边暗界46","无边暗界","可用","","4461"
"192","无边暗界47","无边暗界","可用","","4129"
"193","无边暗界48","无边暗界","可用","","4418"
"194","无边暗界49","无边暗界","可用","","4244"
"195","无边暗界50","无边暗界","可用","","5226"
"196","无边暗界51","无边暗界","可用","","5474"
"197","无边暗界52","无边暗界","可用","","4751"
"198","无边暗界53","无边暗界","可用","","4732"
"199","无边暗界54","无边暗界","可用","","5546"
"200","无边暗界55","无边暗界","可用","","4718"
"201","无边暗界56","无边暗界","可用","","5708"
"202","无边暗界57","无边暗界","可用","","3468"
"203","无边暗界58","无边暗界","可用","","5875"
"204","无边暗界59","无边暗界","可用","","9582"
"205","无边暗界60","无边暗界","缺失","仅保留章节标题，无正文","0"
"206","无边暗界61","无边暗界","可用","","5964"
"207","无边暗界62","无边暗界","可用","","5619"
"208","无边暗界63","无边暗界","可用","","6254"
"209","无边暗界64","无边暗界","可用","","6173"
"210","无边暗界65","无边暗界","可用","","3858"
"211","无边暗界66","无边暗界","可用","","3959"
"212","无边暗界67","无边暗界","可用","","5576"
"213","无边暗界68","无边暗界","可用","","5161"
"214","无边暗界69","无边暗界","可用","","5861"
"215","无边暗界70","无边暗界","可用","","6014"
"216","无边暗界71","无边暗界","可用","","7776"
"217","无边暗界72","无边暗界","可用","","4521"
"218","无边暗界73","无边暗界","可用","","5675"
"219","无边暗界74","无边暗界","可用","","4972"
"220","天平两端01","天平两端","可用","","6168"
"221","天平两端02","天平两端","可用","","6209"
"222","天平两端03","天平两端","可用","","5562"
"223","天平两端04","天平两端","可用","","5542"
"224","天平两端05","天平两端","可用","","3205"
"225","天平两端06","天平两端","可用","","5502"
"226","天平两端07","天平两端","可用","","4659"
"227","天平两端08","天平两端","可用","","4805"
"228","天平两端09","天平两端","可用","","4415"
"229","天平两端10","天平两端","可用","","3326"
"230","天平两端11","天平两端","可用","","4646"
"231","天平两端12","天平两端","可用","","4885"
"232","天平两端13","天平两端","可用","","3964"
"233","天平两端14","天平两端","缺失","仅保留章节标题，无正文","0"
"234","天平两端15","天平两端","缺失","仅保留章节标题，无正文","0"
"235","天平两端16","天平两端","可用","","5611"
"236","天平两端17","天平两端","可用","","5576"
"237","天平两端18","天平两端","可用","","8032"
"238","天平两端19","天平两端","可用","","10095"
"239","天平两端20","天平两端","可用","","7862"
"240","天平两端21","天平两端","可用","","3612"
"241","天平两端22","天平两端","可用","","3561"
"242","天平两端23","天平两端","可用","","5840"
"243","天平两端24","天平两端","可用","","4021"
"244","天平两端25","天平两端","可用","","3501"
"245","天平两端26","天平两端","可用","","3992"
"246","天平两端27","天平两端","缺失","仅保留章节标题，无正文","0"
"247","天平两端28","天平两端","缺失","仅保留章节标题，无正文","0"
"248","天平两端29","天平两端","可用","","9174"
"249","天平两端30","天平两端","缺失","仅保留章节标题，无正文","0"
"250","天平两端31","天平两端","可用","","4868"
"251","天平两端32","天平两端","可用","","8512"
"252","天平两端33","天平两端","缺失","仅保留章节标题，无正文","0"
"253","天平两端34","天平两端","缺失","仅保留章节标题，无正文","0"
"254","天平两端35","天平两端","可用","","3842"
"255","天平两端36","天平两端","可用","","3181"
"256","天平两端37","天平两端","可用","","6527"
"257","天平两端38","天平两端","可用","","3649"
"258","天平两端39","天平两端","可用","","6232"
"259","天平两端40","天平两端","缺失","仅保留章节标题，无正文","0"
"260","天平两端41","天平两端","可用","","4176"
"261","天平两端42","天平两端","可用","","4996"
"262","天平两端43","天平两端","缺失","仅保留章节标题，无正文","0"
"263","天平两端44","天平两端","可用","","3845"
"264","天平两端45","天平两端","可用","","4208"
"265","天平两端46","天平两端","可用","","4168"
"266","天平两端47","天平两端","可用","","3678"
"267","天平两端48","天平两端","可用","","11164"
"268","天平两端49","天平两端","缺失","仅保留章节标题，无正文","0"
"269","天平两端50","天平两端","缺失","仅保留章节标题，无正文","0"
"270","天平两端51","天平两端","缺失","仅保留章节标题，无正文","0"
"271","天平两端52","天平两端","缺失","仅保留章节标题，无正文","0"
"272","天平两端53","天平两端","可用","","5765"
"273","天平两端54","天平两端","缺失","仅保留章节标题，无正文","0"
"274","天平两端55","天平两端","缺失","仅保留章节标题，无正文","0"
"275","天平两端56","天平两端","缺失","仅保留章节标题，无正文","0"
"276","天平两端57","天平两端","缺失","仅保留章节标题，无正文","0"
"277","天平两端58","天平两端","可用","","4337"
"278","天平两端59","天平两端","可用","","6008"
"279","天平两端60","天平两端","可用","","3535"
"280","天平两端61","天平两端","可用","","3260"
"281","天平两端62","天平两端","可用","","3869"
"282","天平两端63","天平两端","可用","","3338"
"283","天平两端64","天平两端","可用","","3633"
"284","天平两端65","天平两端","可用","","3184"
"285","天平两端66","天平两端","可用","","3182"
"286","天平两端67","天平两端","可用","","3302"
"287","天平两端68","天平两端","可用","","3564"
"288","天平两端69","天平两端","可用","","3221"
"289","天平两端70","天平两端","可用","","3256"
"290","天平两端71","天平两端","可用","","3844"
"291","天平两端72","天平两端","可用","","3573"
"292","天平两端73","天平两端","可用","","3401"
"293","天平两端74","天平两端","可用","","4631"
"294","天平两端75","天平两端","可用","","3180"
"295","通向最终01","通向最终","可用","","3534"
"296","通向最终02","通向最终","可用","","3017"
"297","通向最终03","通向最终","可用","","3928"
"298","通向最终04","通向最终","可用","","3248"
"299","通向最终05","通向最终","可用","","3312"
"300","通向最终06","通向最终","可用","","3282"
"301","通向最终07","通向最终","可用","","3562"
"302","通向最终08","通向最终","可用","","3212"
"303","通向最终09","通向最终","可用","","3124"
"304","通向最终10","通向最终","可用","","4554"
"305","通向最终11","通向最终","可用","","3230"
"306","通向最终12","通向最终","可用","","3175"
"307","通向最终13","通向最终","可用","","3183"
"308","通向最终14","通向最终","可用","","3531"
"309","通向最终15","通向最终","可用","","3124"
"310","通向最终16","通向最终","可用","","6196"
"311","通向最终17","通向最终","可用","","3107"
"312","通向最终18","通向最终","可用","","4507"
"313","通向最终19","通向最终","可用","","3839"
"314","通向最终20","通向最终","可用","","3271"
"315","通向最终21","通向最终","可用","","3022"
"316","通向最终22","通向最终","可用","","3233"
"317","通向最终23","通向最终","可用","","3209"
"318","通向最终24","通向最终","可用","","3541"
"319","通向最终25","通向最终","可用","","10244"
"320","通向最终26","通向最终","可用","","3386"
"321","通向最终27","通向最终","可用","","3549"
"322","通向最终28","通向最终","可用","","3694"
"323","通向最终29","通向最终","可用","","4622"
"324","通向最终30","通向最终","可用","","3267"
"325","通向最终31","通向最终","可用","","3270"
"326","通向最终32","通向最终","可用","","3349"
"327","通向最终33","通向最终","可用","","3314"
"328","通向最终34","通向最终","可用","","5025"
"329","通向最终35","通向最终","可用","","4012"
"330","通向最终36","通向最终","可用","","3886"
"331","通向最终37","通向最终","可用","","3596"
"332","通向最终38","通向最终","可用","","3301"
"333","通向最终39","通向最终","可用","","4697"
"334","通向最终40","通向最终","可用","","6837"
"335","通向最终41","通向最终","可用","","3282"
"336","通向最终42","通向最终","可用","","3334"
"337","通向最终43","通向最终","可用","","3614"
"338","通向最终44","通向最终","可用","","7177"
"339","通向最终45","通向最终","可用","","3418"
"340","通向最终46","通向最终","可用","","3404"
"341","通向最终47","通向最终","可用","","6094"
"342","通向最终48","通向最终","可用","","3644"
"343","通向最终49","通向最终","可用","","3573"
"344","通向最终50","通向最终","可用","","4889"
"345","通向最终51","通向最终","可用","","4854"
"346","通向最终52","通向最终","可用","","3237"
"347","通向最终53","通向最终","可用","","4316"
"348","通向最终54","通向最终","可用","","3013"
"349","通向最终55","通向最终","可用","","3435"
"350","通向最终56","通向最终","可用","","3314"
"351","通向最终57","通向最终","可用","","3435"
"352","通向最终58","通向最终","可用","","3446"
"353","通向最终59","通向最终","可用","","3082"
"354","通向最终60","通向最终","可用","","3538"
"355","通向最终61","通向最终","可用","","3465"
"356","通向最终62","通向最终","缺失","仅保留章节标题，无正文","0"
"357","通向最终63","通向最终","可用","","3021"
"358","通向最终64","通向最终","可用","","3385"
"359","通向最终65","通向最终","缺失","仅保留章节标题，无正文","0"
"360","通向最终66","通向最终","可用","","3952"
"361","通向最终67","通向最终","缺失","仅保留章节标题，无正文","0"
"362","通向最终68-后日谈","通向最终","缺失","仅保留章节标题，无正文","0"
"363","通向最终69-后日谈","通向最终","可用","","3877"
"364","通向最终70-后日谈","通向最终","可用","","5500"
"365","通向最终71-后日谈","通向最终","可用","","3940"
"366","通向最终72-后日谈","通向最终","可用","","3842"
"367","通向最终73-后日谈","通向最终","可用","","3925"
"368","通向最终74-IF","通向最终","可用","","3386"
"369","通向最终75-IF","通向最终","可用","","3908"
"370","通向最终76-IF","通向最终","可用","","2819"
