全局章序,卷,卷内章号_文本,章名,正文区间字符数_含章末附注,起始位置,结束位置
1,小丑,1,绯红,2437,33,2893
2,小丑,2,情况,3225,2893,6589
3,小丑,3,梅丽莎（第一更求推荐票）,3121,6589,10167
4,小丑,4,占卜（第二更求推荐票）,3841,10167,14662
5,小丑,5,仪式（第三更求推荐票）,3291,14662,18679
6,小丑,6,非凡者,3369,18679,22604
7,小丑,7,代号,3270,22604,26435
8,小丑,8,新的时代,4422,26435,31703
9,小丑,9,笔记,3847,31703,36069
10,小丑,10,常态,3118,36069,39766
11,小丑,11,真正的厨艺,3071,39766,43360
12,小丑,12,再次上门,2797,43360,46721
13,小丑,13,值夜者,3081,46721,50365
14,小丑,14,通灵者,3840,50365,54876
15,小丑,15,邀请,2750,54876,58062
16,小丑,16,狗拿耗子,4457,58062,63347
17,小丑,17,特殊行动部,3471,63347,67347
18,小丑,18,起源和原因（第一更求推荐票）,3364,67347,71123
19,小丑,19,封印物（第二更求推荐票）,3515,71123,75030
20,小丑,20,健忘的邓恩（第三更求推荐票）,4147,75030,79961
21,小丑,21,他乡遇故知,3211,79961,83690
22,小丑,22,序列起始,2863,83690,86952
23,小丑,23,副手武器,3285,86952,90790
24,小丑,24,节俭持家,3384,90790,94655
25,小丑,25,教堂,3479,94655,98787
26,小丑,26,练习,3543,98787,103013
27,小丑,27,兄妹三人的晚餐,3090,103013,106623
28,小丑,28,密修会,2993,106623,110079
29,小丑,29,“职业”和住房都是严肃的事情,3340,110079,113862
30,小丑,30,新的开始,3638,113862,118100
31,小丑,31,魔药,3844,118100,122429
32,小丑,32,灵视,4393,122429,127433
33,小丑,33,“开关”（第一更求推荐票）,3269,127433,131234
34,小丑,34,预付的报酬（第二更求推荐票）,3094,131234,134855
35,小丑,35,交流消息（第三更求推荐票）,3137,134855,138590
36,小丑,36,一个简单的问题,3240,138590,142392
37,小丑,37,俱乐部,2866,142392,145768
38,小丑,38,业余爱好者,3058,145768,149398
39,小丑,39,有趣的技巧,3156,149398,153072
40,小丑,40,神秘学课程,3246,153072,156817
41,小丑,41,奥黛丽和她的苏茜,3244,156817,160636
42,小丑,42,管家刻利,3351,160636,164558
43,小丑,43,寻人,3243,164558,168400
44,小丑,44,宿命,3570,168400,172647
45,小丑,45,重返,2956,172647,176136
46,小丑,46,画像,3370,176136,180087
47,小丑,47,缺钱的老尼尔,3503,180087,184073
48,小丑,48,海纳斯.凡森特（第一更求推荐票）,3285,184073,187929
49,小丑,49,占卜术（第二更求推荐票）,2989,187929,191281
50,小丑,50,老尼尔的还钱办法（第三更求推荐票）,3172,191281,195060
51,小丑,51,接地气的仪式魔法,3251,195060,198922
52,小丑,52,观众,3157,198922,202594
53,小丑,53,倾听者,2929,202594,205991
54,小丑,54,第一位求卜者,3047,205991,209587
55,小丑,55,启示,3131,209587,213257
56,小丑,56,海上大逃杀,3097,213257,216788
57,小丑,57,梳理和总结,3048,216788,220270
58,小丑,58,一个思路,3119,220270,223912
59,小丑,59,罗塞尔的初始,3254,223912,227601
60,小丑,60,第二块“亵渎石板”,3148,227601,231264
61,小丑,61,古怪的符号,3165,231264,234929
62,小丑,62,“占卜家”的建议,3217,234929,238661
63,小丑,63,解梦（第一更求推荐票）,3166,238661,242357
64,小丑,64,教唆者（第二更求推荐票）,3324,242357,246296
65,小丑,65,非凡者资料（第三更求推荐票）,3155,246296,249840
66,小丑,66,魔女教派,3291,249840,253588
67,小丑,67,“回应”,3046,253588,257217
68,小丑,68,“怪物”,3090,257217,260818
69,小丑,69,护身符,3418,260818,264794
70,小丑,70,“2—049”抵达,3163,264794,268484
71,小丑,71,滞涩现象,3104,268484,272105
72,小丑,72,追踪,3130,272105,275798
73,小丑,73,初战,2717,275798,279114
74,小丑,74,瑞尔.比伯,2615,279114,282301
75,小丑,75,自救,3496,282301,286384
76,小丑,76,善后,3415,286384,290320
77,小丑,77,残留物,3055,290320,293837
78,小丑,78,心理阴影（第一更求推荐票）,3794,293837,298355
79,小丑,79,又一次的呢喃（第二更求推荐票）,3134,298355,302089
80,小丑,80,晚宴的邀请（第三更求推荐票）,3091,302089,305712
81,小丑,81,久闻终见,3153,305712,309376
82,小丑,82,草药店,3337,309376,313373
83,小丑,83,雕刻,3010,313373,316928
84,小丑,84,伊丽莎白,3145,316928,320614
85,小丑,85,紧迫,3043,320614,324232
86,小丑,86,祈求,3554,324232,328463
87,小丑,87,叮嘱,3073,328463,332129
88,小丑,88,汇报,3349,332129,336053
89,小丑,89,简单任务,3273,336053,339927
90,小丑,90,所“见”,3616,339927,344245
91,小丑,91,解决,3273,344245,348099
92,小丑,92,“心理学专家”,2973,348099,351550
93,小丑,93,新的日记（第一更求推荐票）,3196,351550,355279
94,小丑,94,隐匿贤者（第二更求推荐票）,3268,355279,359037
95,小丑,95,“祈求者”（第三更求推荐票）,3057,359037,362621
96,小丑,96,戴莉的猜测,3537,362621,366742
97,小丑,97,格斗老师,3189,366742,370514
98,小丑,98,阿兹克先生,3511,370514,374585
99,小丑,99,红烟囱,2950,374585,378039
100,小丑,100,解读象征,3431,378039,381968
101,小丑,101,意外的线索,3408,381968,385913
102,小丑,102,布料商人,2720,385913,389115
103,小丑,103,从心之人,3077,389115,392716
104,小丑,104,Z先生,3024,392716,396143
105,小丑,105,通灵,3609,396143,400335
106,小丑,106,画家克莱恩,3392,400335,404336
107,小丑,107,佛尔思,3121,404336,408010
108,小丑,108,深夜（求推荐票）,3087,408010,411607
109,小丑,109,推理（求推荐票）,3094,411607,415277
110,小丑,110,确认,3056,415277,418903
111,小丑,111,错过,2938,418903,422430
112,小丑,112,阿兹克的解释,3259,422430,426216
113,小丑,113,请求,2531,426216,429138
114,小丑,114,成员的标准,3070,429138,432710
115,小丑,115,诈骗犯,3372,432710,436612
116,小丑,116,兰尔乌斯的孩子,2879,436612,440037
117,小丑,117,接触,3181,440037,443873
118,小丑,118,八月,3234,443873,447588
119,小丑,119,真正的下街,3475,447588,451625
120,小丑,120,济贫院,3300,451625,455544
121,小丑,121,伦纳德的“猜测”,3248,455544,459261
122,小丑,122,目标建筑（周一求推荐票）,2723,459261,462571
123,小丑,123,超凡战（求推荐票）,2660,462571,465750
124,小丑,124,收尾的工作,3280,465750,469640
125,小丑,125,大胆的想法,3218,469640,473408
126,小丑,126,占卜不是万能的,3349,473408,477363
127,小丑,127,铺垫,3150,477363,480910
128,小丑,128,贫穷的愚者,3152,480910,484576
129,小丑,129,失控者,4576,484576,489823
130,小丑,130,贝克兰德的隐秘聚会（第一更）,3256,489823,493693
131,小丑,131,交易（第二更）,3214,493693,497483
132,小丑,132,再见“怪物”（第三更）,3327,497483,501326
133,小丑,133,烧钱的符咒（第四更）,3319,501326,505214
134,小丑,134,超过一分钟了（第五更）,3428,505214,509176
135,小丑,135,男爵的画像（第六更）,3323,509176,513031
136,小丑,136,为难的克莱恩（第一更）,3047,513031,516558
137,小丑,137,白银之城（第二更）,4232,516558,521415
138,小丑,138,“巨人”途径（第三更求月票）,3160,521415,524932
139,小丑,139,研究“3—0782”（第四更求月票）,3271,524932,528714
140,小丑,140,作死能手（第一更求月票）,3304,528714,532439
141,小丑,141,梦魇（第二更求月票）,3160,532439,536054
142,小丑,142,联想（第三更求月票）,3351,536054,539812
143,小丑,143,愚者牌同声翻译器（第一更求推荐票月票）,3267,539812,543580
144,小丑,144,三方交易（求推荐票月票）,3272,543580,547285
145,小丑,145,合作的请求（求月票）,3112,547285,550810
146,小丑,146,蠕动的饥饿,3183,550810,554413
147,小丑,147,深夜来访者,3259,554413,558080
148,小丑,148,信使,3145,558080,561667
149,小丑,149,露骨的铺垫,3029,561667,565236
150,小丑,150,阿兹克的发现,3032,565236,568814
151,小丑,151,克莱恩的请求,3050,568814,572315
152,小丑,152,不错的尝试,3244,572315,576135
153,小丑,153,最后的铺垫,2714,576135,579371
154,小丑,154,分享“经验”,3490,579371,583468
155,小丑,155,紧急见面（第一更求月票）,3268,583468,587265
156,小丑,156,考虑长远的梅丽莎（第二更求月票）,3132,587265,590924
157,小丑,157,梦想的物品（第三更求推荐票）,3189,590924,594672
158,小丑,158,有备无患（第一更求推荐票月票）,3153,594672,598291
159,小丑,159,“赐予”与“献祭”（第二更求推荐票月票）,3406,598291,602132
160,小丑,160,把握机会（第三更求推荐票月票）,3092,602132,605725
161,小丑,161,倒立的陵寝,3553,605725,609902
162,小丑,162,阳光猛烈,3628,609902,614099
163,小丑,163,种种迹象,3092,614099,617754
164,小丑,164,可怜虫,3123,617754,621373
165,小丑,165,墓志铭,2556,621373,624443
166,小丑,166,考查,3137,624443,628135
167,小丑,167,圣物,3027,628135,631687
168,小丑,168,“小丑”魔药,3214,631687,635388
169,小丑,169,新的能力,3062,635388,638865
170,小丑,170,铜哨,3389,638865,642952
171,小丑,171,升职加薪,3186,642952,646611
172,小丑,172,“尸检”,3168,646611,650324
173,小丑,173,活尸化（第一更求推荐票月票）,3158,650324,654013
174,小丑,174,雪伦夫人（第二更求月票推荐票）,3202,654013,657831
175,小丑,175,推测（第三更求月票推荐票）,3270,657831,661649
176,小丑,176,信,3152,661649,665331
177,小丑,177,突如其来,3153,665331,668993
178,小丑,178,后续思路,3075,668993,672589
179,小丑,179,赞美“愚者”先生,3131,672589,676155
180,小丑,180,聪明人总是想太多,3047,676155,679594
181,小丑,181,不同的状态,3102,679594,683116
182,小丑,182,漫游者克莱恩,3046,683116,686577
183,小丑,183,通灵学“课程”,3023,686577,689992
184,小丑,184,门后,3651,689992,694300
185,小丑,185,心灵世界,3227,694300,698072
186,小丑,186,帅气的队长,3192,698072,701714
187,小丑,187,阿兹克的告诫,3079,701714,705118
188,小丑,188,舞会（求推荐票月票）,3446,705118,709067
189,小丑,189,祈求与回应（求推荐票和月票）,3241,709067,712845
190,小丑,190,能力的搭配,3184,712845,716502
191,小丑,191,动机不明,3438,716502,720569
192,小丑,192,重视,3246,720569,724304
193,小丑,193,告一段落,3078,724304,727873
194,小丑,194,潜入,3089,727873,731481
195,小丑,195,“开锁专家”克莱恩,3365,731481,735396
196,小丑,196,通灵者的镜子（第一更求月票）,3092,735396,739037
197,小丑,197,行动（第二更求月票）,3340,739037,742916
198,小丑,198,擅用特殊（第三更求月票）,3159,742916,746638
199,小丑,199,“投骰”成功（第一更求月票）,3323,746638,750588
200,小丑,200,欢愉魔女（第二更求月票）,3825,750588,754909
201,小丑,201,询问（第三更求月票）,3080,754909,758617
202,小丑,202,确认情况（第一更求月票）,3121,758617,762344
203,小丑,203,“异种”（第二更求月票）,3087,762344,765875
204,小丑,204,来访者（第三更求推荐票月票）,3293,765875,769758
205,小丑,205,紧急安排（求月票）,3394,769758,773707
206,小丑,206,“2”级封印物（求月票）,2762,773707,776889
207,小丑,207,守护者,3410,776889,780819
208,小丑,208,啼哭,3040,780819,784431
209,小丑,209,光,2801,784431,787713
210,小丑,210,故事,4430,787713,792728
211,小丑,211,葬礼（感谢叁生缘纵猎者大佬打赏）,3465,792728,796864
212,小丑,212,复仇者,3524,796864,800920
213,小丑,213,再看一眼,5043,800920,806561
214,无面人,1,希望之地,3145,806561,810091
215,无面人,2,萨默尔太太,3716,810091,814409
216,无面人,3,未变的聚会（求推荐票月票）,3204,814409,818086
217,无面人,4,“门”先生的描述（求推荐票月票）,3127,818086,821580
218,无面人,5,免费的常识,3288,821580,825278
219,无面人,6,解释,3093,825278,828832
220,无面人,7,克莱恩的献祭仪式,3137,828832,832460
221,无面人,8,高层次的塔罗会,3172,832460,836200
222,无面人,9,第一单委托,3056,836200,839780
223,无面人,10,三件事情,3168,839780,843519
224,无面人,11,玄学型侦探,3047,843519,847097
225,无面人,12,不露痕迹地引导,3318,847097,851099
226,无面人,13,惊恐的休,3196,851099,854897
227,无面人,14,发明家雷帕德,3552,854897,859119
228,无面人,15,主使者,3104,859119,862812
229,无面人,16,两害相权取其轻,3303,862812,866606
230,无面人,17,审讯（求推荐票月票）,3453,866606,870649
231,无面人,18,亏损（求推荐票月票）,3264,870649,874467
232,无面人,19,勇敢者酒吧,3245,874467,878309
233,无面人,20,人不可貌相,3235,878309,882033
234,无面人,21,满月的夜晚,3018,882033,885595
235,无面人,22,忙碌的周一,3239,885595,889354
236,无面人,23,会内委托,3105,889354,892882
237,无面人,24,序列2,3126,892882,896388
238,无面人,25,空想之龙,3152,896388,899981
239,无面人,26,各自的“聚会”,3053,899981,903454
240,无面人,27,赌运气？,3162,903454,907009
241,无面人,28,污秽之语,3162,907009,910738
242,无面人,29,贝克朗,3153,910738,914391
243,无面人,30,捉奸,3161,914391,918032
244,无面人,31,接受者（求推荐票月票）,3319,918032,921895
245,无面人,32,确认（求推荐票月票）,3193,921895,925547
246,无面人,33,奇怪的预兆,3210,925547,929223
247,无面人,34,事情的原委,4089,929223,933880
248,无面人,35,等待的双方,3115,933880,937401
249,无面人,36,刺杀,3070,937401,941096
250,无面人,37,丰富的作死经验,3108,941096,944732
251,无面人,38,收获,3466,944732,948697
252,无面人,39,尾声,3213,948697,952421
253,无面人,40,夜思,3184,952421,956001
254,无面人,41,各方,3101,956001,959643
255,无面人,42,拍照专家,3108,959643,963216
256,无面人,43,再见药师,3308,963216,967163
257,无面人,44,“2—081”,3233,967163,970864
258,无面人,45,杀人案（求推荐票月票）,3401,970864,974839
259,无面人,46,地下建筑（求推荐票月票）,3133,974839,978541
260,无面人,47,怪异的雕像,3057,978541,982100
261,无面人,48,最里面的房间,4504,982100,987332
262,无面人,49,梦（求月票）,3341,987332,991164
263,无面人,50,灵感与尝试（求月票）,3390,991164,995150
264,无面人,51,五人聚会（求月票）,3044,995150,998646
265,无面人,52,亵渎之牌（求月票）,3043,998646,1002051
266,无面人,53,“世界”的委托,3207,1002051,1005774
267,无面人,54,一唱一和,3166,1005774,1009501
268,无面人,55,墓园和医院,3236,1009501,1013263
269,无面人,56,心理炼金会的线索,3081,1013263,1016843
270,无面人,57,记者,3093,1016843,1020375
271,无面人,58,金玫瑰,3512,1020375,1024495
272,无面人,59,互相观察（求推荐票月票）,3045,1024495,1027983
273,无面人,60,出手配方（求月票推荐票）,3293,1027983,1031700
274,无面人,61,非凡武器（求推荐票月票）,3256,1031700,1035459
275,无面人,62,庞德家族（求推荐票月票）,3274,1035459,1039224
276,无面人,63,拉夫特.庞德,3094,1039224,1042779
277,无面人,64,敲定方案,3318,1042779,1046610
278,无面人,65,免费？,3223,1046610,1050423
279,无面人,66,乐极生悲,3110,1050423,1054016
280,无面人,67,第一步,3447,1054016,1058029
281,无面人,68,线索,3131,1058029,1061647
282,无面人,69,这就是东区,3587,1061647,1065832
283,无面人,70,码头工会,3202,1065832,1069624
284,无面人,71,本能的颤栗,3058,1069624,1073190
285,无面人,72,午夜钟楼,3911,1073190,1077830
286,无面人,73,嘲讽的笑容（周一求推荐票月票）,3445,1077830,1081877
287,无面人,74,死战（求月票推荐票）,3040,1081877,1085538
288,无面人,75,充满象征意味的现场,3513,1085538,1089563
289,无面人,76,猜测和调查,3047,1089563,1093142
290,无面人,77,侧面推动,3097,1093142,1096632
291,无面人,78,卖方公证为一人,3176,1096632,1100306
292,无面人,79,交流消息,3193,1100306,1103959
293,无面人,80,戴里克的担忧,3120,1103959,1107503
294,无面人,81,星之上将,3140,1107503,1111084
295,无面人,82,材料齐,3228,1111084,1114812
296,无面人,83,魔术师,3092,1114812,1118368
297,无面人,84,满月的呓语,3157,1118368,1122111
298,无面人,85,又一起,3139,1122111,1125751
299,无面人,86,响指,3146,1125751,1129528
300,无面人,87,灵舞（周一求推荐票月票）,3245,1129528,1133414
301,无面人,88,唤醒（求月票推荐票）,3144,1133414,1137269
302,无面人,89,线索,3319,1137269,1141135
303,无面人,90,菜鸟,3061,1141135,1144718
304,无面人,91,羽毛,3205,1144718,1148566
305,无面人,92,侦探交流会,3272,1148566,1152311
306,无面人,93,“巨人”主教,3054,1152311,1155790
307,无面人,94,黎明骑士,3272,1155790,1159533
308,无面人,95,有准备的“魔术师”,3163,1159533,1163286
309,无面人,96,二挑一,3230,1163286,1167082
310,无面人,97,大气污染调查委员会,3034,1167082,1170574
311,无面人,98,互相观察,3198,1170574,1174219
312,无面人,99,不成功的伪装,3340,1174219,1178014
313,无面人,100,古老的神灵,3259,1178014,1181834
314,无面人,101,可能（周一求推荐票和月票）,3180,1181834,1185508
315,无面人,102,重返丰收教堂（求月票推荐票）,3370,1185508,1189498
316,无面人,103,不做没准备的表演,3258,1189498,1193304
317,无面人,104,罗塞尔纪念展,3062,1193304,1196876
318,无面人,105,验证之法,3363,1196876,1200688
319,无面人,106,奥黛丽的“冒险”,3198,1200688,1204488
320,无面人,107,行动,3230,1204488,1208194
321,无面人,108,大变活人,3269,1208194,1212067
322,无面人,109,刺激的夜晚,3120,1212067,1215762
323,无面人,110,开启咒文,4330,1215762,1220833
324,无面人,111,想象的和实际的“眷者”（求月票）,3144,1220833,1224450
325,无面人,112,马术教练的问题（求月票）,3278,1224450,1228311
326,无面人,113,“专业”的建议（求月票）,3080,1228311,1231896
327,无面人,114,路遇（求月票）,3323,1231896,1235623
328,无面人,115,常在河边走（第一更求推荐票月票）,3244,1235623,1239418
329,无面人,116,爪痕（第二更求月票推荐票）,3132,1239418,1243146
330,无面人,117,莎伦和马里奇的理念（第三更求月票推荐票）,3093,1243146,1246722
331,无面人,118,被诅咒者,3164,1246722,1250341
332,无面人,119,公证书,3290,1250341,1254223
333,无面人,120,跟踪者,3147,1254223,1257955
334,无面人,121,子弹,3075,1257955,1261525
335,无面人,122,探索威尔迪街,3082,1261525,1265082
336,无面人,123,亚伯拉罕家族,3043,1265082,1268636
337,无面人,124,寻人,3876,1268636,1273126
338,无面人,125,经验丰富的克莱恩,3346,1273126,1277075
339,无面人,126,心理医生,3212,1277075,1280790
340,无面人,127,过去,3441,1280790,1284774
341,无面人,128,单独的交流,3292,1284774,1288588
342,无面人,129,“老油条”阿尔杰,3223,1288588,1292294
343,无面人,130,各自（第一更求推荐票月票）,3125,1292294,1295936
344,无面人,131,一掷千金（第二更求推荐票月票）,3112,1295936,1299628
345,无面人,132,太阳胸针（第三更求月票推荐票）,3156,1299628,1303370
346,无面人,133,登台前的魔术师,3160,1303370,1307156
347,无面人,134,活尸和狼人,3298,1307156,1311006
348,无面人,135,可怕的“怨魂”,3105,1311006,1314701
349,无面人,136,毒素瓶,3231,1314701,1318500
350,无面人,137,灿烂的烟花,3647,1318500,1322813
351,无面人,138,问答“游戏”,3148,1322813,1326484
352,无面人,139,早餐,3128,1326484,1330167
353,无面人,140,今时不同往日,3035,1330167,1333850
354,无面人,141,东区“冒险”记,3476,1333850,1338004
355,无面人,142,外来者,3118,1338004,1341708
356,无面人,143,线人费,3037,1341708,1345229
357,无面人,144,宴会见闻,3780,1345229,1349710
358,无面人,145,“太阳”的担忧（周一求推荐票月票）,3170,1349710,1353432
359,无面人,146,渎神者（求月票推荐票）,3187,1353432,1357141
360,无面人,147,一个困难的问题,3159,1357141,1360830
361,无面人,148,半透明的小虫,3117,1360830,1364524
362,无面人,149,密契仪式,3052,1364524,1367989
363,无面人,150,高位格,3216,1367989,1371670
364,无面人,151,宁静教堂,3083,1371670,1375268
365,无面人,152,爱好独特的吸血鬼,3183,1375268,1379042
366,无面人,153,“倒吊人”的野心,3123,1379042,1382654
367,无面人,154,恐吓信,3104,1382654,1386284
368,无面人,155,不按常理出牌,3072,1386284,1389939
369,无面人,156,暗示,3117,1389939,1393653
370,无面人,157,观众的喝彩,3260,1393653,1397411
371,无面人,158,莫里亚蒂侦探的第一个粉丝,3302,1397411,1401452
372,无面人,159,失踪事件（周一求推荐票并祝大家中秋快乐）,3227,1401452,1405312
373,无面人,160,寻人（周一求推荐票）,3252,1405312,1409222
374,无面人,161,人工梦游,3215,1409222,1412844
375,无面人,162,“邪神”的骚操作（求月票）,3246,1412844,1416668
376,无面人,163,赫拉斯先生,3066,1416668,1420310
377,无面人,164,卡平的晚餐,3178,1420310,1424106
378,无面人,165,表演开始,3085,1424106,1427724
379,无面人,166,魔术的关键环节,3923,1427724,1432381
380,无面人,167,谢幕（第一更求月票）,3413,1432381,1436429
381,无面人,168,猜测（第二更求月票）,3216,1436429,1440244
382,无面人,169,侠盗（第三更）,4337,1440244,1445234
383,无面人,170,回家（第一更求月票）,3163,1445234,1448905
384,无面人,171,自己查自己（第二更求月票）,3092,1448905,1452491
385,无面人,172,一个有关爱情的故事（第三更求月票）,3130,1452491,1456177
386,无面人,173,一场噩梦（求月票）,3420,1456177,1460105
387,无面人,174,灵界的特殊（求月票）,3517,1460105,1464089
388,无面人,175,探索梦境（第一更求保底月票）,5005,1464089,1469702
389,无面人,176,值夜者（第二更求月票）,3192,1469702,1473398
390,无面人,177,期待（第三更求月票）,3397,1473398,1477316
391,无面人,178,大航海家罗塞尔（求月票）,3065,1477316,1480826
392,无面人,179,听小“太阳”讲故事（求月票）,3382,1480826,1484709
393,无面人,180,时之虫,3347,1484709,1488527
394,无面人,181,《灵界见闻》,3134,1488527,1492070
395,无面人,182,“治安官”非凡特性,3129,1492070,1495689
396,无面人,183,净光兄弟会,3194,1495689,1499357
397,无面人,184,末日预言,3250,1499357,1503086
398,无面人,185,诱人的蘑菇,3063,1503086,1506629
399,无面人,186,被污染者,3250,1506629,1510400
400,无面人,187,“新手”的成长,3828,1510400,1514896
401,无面人,188,神启,3129,1514896,1518622
402,无面人,189,挖掘,3474,1518622,1522687
403,无面人,190,私家侦探的宿命（周一求推荐票）,3045,1522687,1526257
404,无面人,191,嘱托（周一求推荐票）,3179,1526257,1530035
405,无面人,192,“邪教”,3158,1530035,1533696
406,无面人,193,一个值得庆幸又非常无奈的事实,3104,1533696,1537289
407,无面人,194,真眷者,3108,1537289,1540983
408,无面人,195,大胆假设,3120,1540983,1544654
409,无面人,196,十二月,4334,1544654,1549553
410,无面人,197,弗兰米.凯奇,3142,1549553,1553248
411,无面人,198,纷至沓来,3142,1553248,1556941
412,无面人,199,信,3101,1556941,1560602
413,无面人,200,访客们,3253,1560602,1564444
414,无面人,201,欲望使徒（周一求推荐票月票）,3394,1564444,1568458
415,无面人,202,戒指,3223,1568458,1572223
416,无面人,203,正正得负,3249,1572223,1576088
417,无面人,204,阿罗德斯,3158,1576088,1579904
418,无面人,205,心灵的力量,3175,1579904,1583684
419,无面人,206,心愿,3059,1583684,1587315
420,无面人,207,恶魔家族,3084,1587315,1590895
421,无面人,208,昂贵的材料,3240,1590895,1594764
422,无面人,209,真正的杰森,3143,1594764,1598398
423,无面人,210,起风,3507,1598398,1602435
424,无面人,211,改变的问题,3077,1602435,1606118
425,无面人,212,玫瑰花下,3303,1606118,1610032
426,无面人,213,“1—42”,3099,1610032,1613660
427,无面人,214,时代的选择,3172,1613660,1617480
428,无面人,215,背锅者（周一求推荐票月票）,3322,1617480,1621314
429,无面人,216,各方（周一求推荐票月票）,3559,1621314,1625576
430,无面人,217,新的一天,3047,1625576,1629186
431,无面人,218,病急不能乱投医,3150,1629186,1632866
432,无面人,219,契约生物,3190,1632866,1636643
433,无面人,220,情报贩子,3120,1636643,1640331
434,无面人,221,陵墓和悬赏,3030,1640331,1643931
435,无面人,222,聚合效应,3236,1643931,1647736
436,无面人,223,克莱恩的要求,3331,1647736,1651626
437,无面人,224,讣告,3057,1651626,1655232
438,无面人,225,邀请,3030,1655232,1658757
439,无面人,226,慷慨的王子,3314,1658757,1662551
440,无面人,227,天使家族,3224,1662551,1666158
441,无面人,228,“渠道”增加,3094,1666158,1669667
442,无面人,229,探索任务（周一求推荐票月票）,3394,1669667,1673658
443,无面人,230,一个人的表演（求月票推荐票）,3357,1673658,1677593
444,无面人,231,告解（月底求月票）,3115,1677593,1681252
445,无面人,232,“直播”（求月票）,3065,1681252,1684891
446,无面人,233,“机械之心”的战斗风格（求月票）,3520,1684891,1688962
447,无面人,234,画像（求月票）,4180,1688962,1693749
448,无面人,235,阿蒙可能的来历（求保底月票）,3427,1693749,1697731
449,无面人,236,更好的选择（求月票）,3627,1697731,1701969
450,无面人,237,分钱（求月票）,3400,1701969,1705995
451,无面人,238,无面人（求月票）,3235,1705995,1709701
452,无面人,239,班森的打算（求月票）,3138,1709701,1713456
453,无面人,240,“阶梯”（求月票）,3470,1713456,1717482
454,无面人,241,我是谁,3440,1717482,1721442
455,无面人,242,求救者,3194,1721442,1725228
456,无面人,243,扮鬼（周一求推荐票月票）,3048,1725228,1728955
457,无面人,244,恶灵提供的消息（周一求推荐票月票）,3179,1728955,1732758
458,无面人,245,一位古老的血族,3302,1732758,1736704
459,无面人,246,错过,3343,1736704,1740650
460,无面人,247,循环的探索,3168,1740650,1744316
461,无面人,248,好心热情“倒吊人”,3263,1744316,1748021
462,无面人,249,什么是奇迹,3051,1748021,1751558
463,无面人,250,自问自答,3332,1751558,1755350
464,无面人,251,咨询,3173,1755350,1758922
465,无面人,252,埃姆林的坚持,3415,1758922,1762866
466,无面人,253,吞尾者,3083,1762866,1766559
467,无面人,254,延迟响应,3405,1766559,1770557
468,无面人,255,月亮,3139,1770557,1774203
469,无面人,256,吸血鬼女王,3173,1774203,1777892
470,无面人,257,名字（周一求推荐票月票）,3360,1777892,1781817
471,无面人,258,克莱恩的准备（周一求月票推荐票）,3095,1781817,1785427
472,无面人,259,隐患,3171,1785427,1789135
473,无面人,260,无面之人,3223,1789135,1792926
474,无面人,261,埃德萨克的“故事”,3281,1792926,1796877
475,无面人,262,绝望女士,3303,1796877,1800713
476,无面人,263,秸秆们,3325,1800713,1804630
477,无面人,264,愚者千虑,3171,1804630,1808406
478,无面人,265,“0”级封印物在行动,3076,1808406,1812057
479,无面人,266,莫名的微笑,3524,1812057,1816187
480,无面人,267,诚实的回报,3294,1816187,1819973
481,无面人,268,数字与人,3499,1819973,1824023
482,无面人,269,辞旧迎新,5629,1824023,1830496
483,旅行家,1,新的身份,3127,1830496,1834066
484,旅行家,2,不对称,3153,1834066,1837621
485,旅行家,3,丰富的信息,3149,1837621,1841132
486,旅行家,4,克莱恩的猜测,3408,1841132,1844969
487,旅行家,5,成长的塔罗会,3510,1844969,1848998
488,旅行家,6,生活费,3776,1848998,1853254
489,旅行家,7,搁浅的提议,3115,1853254,1856905
490,旅行家,8,前水手的忠告,3204,1856905,1860586
491,旅行家,9,调查报告里的夏洛克.莫里亚蒂,3115,1860586,1864174
492,旅行家,10,冒险家,3141,1864174,1867825
493,旅行家,11,狩猎（周一求推荐票月票）,3498,1867825,1871885
494,旅行家,12,舌尖上的鱼人（周一求月票推荐票）,3195,1871885,1875706
495,旅行家,13,宝藏的传说,3400,1875706,1879619
496,旅行家,14,让人向往的大海,3118,1879619,1883168
497,旅行家,15,悬赏墙,3417,1883168,1887156
498,旅行家,16,人设,3620,1887156,1891352
499,旅行家,17,招揽（求月票）,3685,1891352,1895642
500,旅行家,18,审问“白鲨”（求月票）,3241,1895642,1899456
501,旅行家,19,诱饵（求月票）,3341,1899456,1903336
502,旅行家,20,阿兹克回忆里的画面,4052,1903336,1908006
503,旅行家,21,人质（求保底月票）,3119,1908006,1911847
504,旅行家,22,红骷髅海盗团（求月票）,3133,1911847,1915608
505,旅行家,23,价值3000镑的仆人（求月票）,3237,1915608,1919549
506,旅行家,24,天气博物馆（求月票）,3255,1919549,1923419
507,旅行家,25,风中的班西港（周一求推荐票月票）,3332,1923419,1927426
508,旅行家,26,不要外出（求推荐票月票）,3157,1927426,1931242
509,旅行家,27,请求,3697,1931242,1935660
510,旅行家,28,返回的主教,3223,1935660,1939409
511,旅行家,29,“二五仔光环”,3183,1939409,1943198
512,旅行家,30,事情结束？,3771,1943198,1947716
513,旅行家,31,吓唬,3334,1947716,1951675
514,旅行家,32,古神的传说,3396,1951675,1955603
515,旅行家,33,各有收获,3403,1955603,1959537
516,旅行家,34,“倒吊人”的猜测,3262,1959537,1963238
517,旅行家,35,慷慨之城,3137,1963238,1966834
518,旅行家,36,人之将死,3186,1966834,1970528
519,旅行家,37,命名,3079,1970528,1974112
520,旅行家,38,血之上将,3365,1974112,1977912
521,旅行家,39,大胆假设（周一求推荐票月票）,3136,1977912,1981655
522,旅行家,40,殖民地（周一求月票推荐票）,3249,1981655,1985335
523,旅行家,41,协作,3054,1985335,1988924
524,旅行家,42,见面,3216,1988924,1992723
525,旅行家,43,冷静的斯考尔,3044,1992723,1996198
526,旅行家,44,永恒之梦,3289,1996198,1999946
527,旅行家,45,速战,3105,1999946,2003538
528,旅行家,46,放牧,3189,2003538,2007238
529,旅行家,47,默契,3090,2007238,2010767
530,旅行家,48,文献资料,3089,2010767,2014285
531,旅行家,49,演技派,3311,2014285,2018108
532,旅行家,50,“洋”大人,3145,2018108,2021760
533,旅行家,51,4200镑先生,3165,2021760,2025453
534,旅行家,52,梦中课堂,3210,2025453,2029320
535,旅行家,53,善为人师（周一求推荐票和月票）,3059,2029320,2032969
536,旅行家,54,本地信仰（周一求月票推荐票）,3121,2032969,2036613
537,旅行家,55,灵感太高,3105,2036613,2040309
538,旅行家,56,驱散,3202,2040309,2044028
539,旅行家,57,深夜的行动,3178,2044028,2047738
540,旅行家,58,压制,3241,2047738,2051532
541,旅行家,59,访客,3144,2051532,2055061
542,旅行家,60,戒严的拜亚姆,3172,2055061,2058771
543,旅行家,61,出乎意料的事实,4295,2058771,2063653
544,旅行家,62,专家级,3324,2063653,2067471
545,旅行家,63,狂怒的卡维图瓦,3292,2067471,2071315
546,旅行家,64,灵界,3302,2071315,2075176
547,旅行家,65,祭司（周一求推荐票）,3113,2075176,2078766
548,旅行家,66,对付巨型生物的技巧（周一求推荐票）,3478,2078766,2082788
549,旅行家,67,上位精灵,3123,2082788,2086304
550,旅行家,68,封印物的负面效果,3119,2086304,2089862
551,旅行家,69,十诫,3114,2089862,2093451
552,旅行家,70,大手笔,3216,2093451,2097262
553,旅行家,71,达尼兹的努力,3077,2097262,2100896
554,旅行家,72,扮神,3108,2100896,2104431
555,旅行家,73,深夜来“电”,3082,2104431,2108094
556,旅行家,74,区别待遇,3178,2108094,2111755
557,旅行家,75,自我暗示（求月票）,3501,2111755,2115834
558,旅行家,76,寻找异常（求月票）,3199,2115834,2119605
559,旅行家,77,路遇（求月票）,3187,2119605,2123224
560,旅行家,78,被薅羊毛的“倒吊人”（求月票）,3212,2123224,2126930
561,旅行家,79,“招聘会”（求推荐票月票）,3462,2126930,2131028
562,旅行家,80,伊莲（求月票推荐票）,3116,2131028,2134656
563,旅行家,81,愚者的“眷顾”（第一更求月票）,4184,2134656,2139423
564,旅行家,82,知识逐人（第二更求月票）,3271,2139423,2143269
565,旅行家,83,窥秘之眼（第三更感谢）,4318,2143269,2148164
566,旅行家,84,衣物细节（求月票）,3091,2148164,2151671
567,旅行家,85,事情的源头（求月票）,3102,2151671,2155232
568,旅行家,86,附属“神灵”们（求月票）,3402,2155232,2159089
569,旅行家,87,见微知著（求月票）,3188,2159089,2162693
570,旅行家,88,不承认不否认（求月票）,3156,2162693,2166237
571,旅行家,89,压力很大（求月票）,3158,2166237,2169907
572,旅行家,90,诵念我的名（求月票）,3082,2169907,2173477
573,旅行家,91,现实教做人（求月票）,3486,2173477,2177578
574,旅行家,92,未遂（求月票）,3173,2177578,2181417
575,旅行家,93,黄金梦想号,4230,2181417,2186260
576,旅行家,94,“冰山中将”的收藏室,3401,2186260,2190156
577,旅行家,95,三千多年前的书籍,3054,2190156,2193745
578,旅行家,96,“劫持”,2847,2193745,2197105
579,旅行家,97,学术问题,3092,2197105,2200758
580,旅行家,98,巧言者,3438,2200758,2204792
581,旅行家,99,既融合又抽离,3111,2204792,2208418
582,旅行家,100,“挑衅”,3198,2208418,2212224
583,旅行家,101,后手,3120,2212224,2215796
584,旅行家,102,锅,3175,2215796,2219434
585,旅行家,103,买药,3079,2219434,2223007
586,旅行家,104,告别与再会,3442,2223007,2227090
587,旅行家,105,扑朔迷离,3263,2227090,2230825
588,旅行家,106,旧相识（周一求推荐票月票）,3247,2230825,2234613
589,旅行家,107,“挑拨”（求月票推荐票）,3122,2234613,2238317
590,旅行家,108,阿罗德斯的下限,3035,2238317,2241791
591,旅行家,109,善用物品,3075,2241791,2245284
592,旅行家,110,一周三晋升,3384,2245284,2249135
593,旅行家,111,办法,3253,2249135,2252799
594,旅行家,112,“世界”的委托,3136,2252799,2256387
595,旅行家,113,领域,3186,2256387,2259972
596,旅行家,114,线索,3374,2259972,2263829
597,旅行家,115,克莱恩的方案,3148,2263829,2267482
598,旅行家,116,天降横财,3087,2267482,2271162
599,旅行家,117,龙威,2685,2271162,2274270
600,旅行家,118,清场,3104,2274270,2277851
601,旅行家,119,自己吓自己,3461,2277851,2281822
602,旅行家,120,声名鹊起,5089,2281822,2287638
603,旅行家,121,条件,3161,2287638,2291366
604,旅行家,122,不一样的敌人,3165,2291366,2295126
605,旅行家,123,“判定”,3076,2295126,2298741
606,旅行家,124,恐吓,3790,2298741,2303218
607,旅行家,125,发现异常,3342,2303218,2307045
608,旅行家,126,专业,3050,2307045,2310591
609,旅行家,127,上门拜访,3150,2310591,2314214
610,旅行家,128,掷骰（周一求推荐票月票）,3206,2314214,2317925
611,旅行家,129,命运议员（求月票推荐票）,3219,2317925,2321751
612,旅行家,130,到手（求月票）,3298,2321751,2325590
613,旅行家,131,伦纳德的调查（求月票）,3402,2325590,2329568
614,旅行家,132,冒险家互助会,2714,2329568,2332817
615,旅行家,133,灰白的雾气（求月票）,3090,2332817,2336314
616,旅行家,134,坏事也有好的一面（求月票）,3161,2336314,2339879
617,旅行家,135,神秘的亚当（求月票）,4505,2339879,2344952
618,旅行家,136,义工（求保底月票）,3147,2344952,2348631
619,旅行家,137,开不了口（求保底月票）,3166,2348631,2352403
620,旅行家,138,替身任务,3093,2352403,2356023
621,旅行家,139,总督府晚宴,3425,2356023,2360072
622,旅行家,140,临时契约（祝大家除夕快乐）,3070,2360072,2363665
623,旅行家,141,第一夜（大家新年快乐）,3330,2363665,2367475
624,旅行家,142,警告,3106,2367475,2371052
625,旅行家,143,顺利的第一天,3025,2371052,2374480
626,旅行家,144,“艾弥留斯”的决断,3116,2374480,2378128
627,旅行家,145,夜深,3104,2378128,2381757
628,旅行家,146,禁止,2568,2381757,2384700
629,旅行家,147,天体教派,3250,2384700,2388351
630,旅行家,148,时间点,3426,2388351,2392315
631,旅行家,149,三天不见,3075,2392315,2395911
632,旅行家,150,收尾,3253,2395911,2399754
633,旅行家,151,两种寄生态,3246,2399754,2403492
634,旅行家,152,白色之城,3333,2403492,2407322
635,旅行家,153,见面,3167,2407322,2410990
636,旅行家,154,“屠杀者”,3116,2410990,2414562
637,旅行家,155,未来号,3034,2414562,2417990
638,旅行家,156,毒素专家,3137,2417990,2421606
639,旅行家,157,名单,3078,2421606,2425215
640,旅行家,158,女海盗,3133,2425215,2428826
641,旅行家,159,人类无法通过的井口（周一求推荐票月票）,3206,2428826,2432538
642,旅行家,160,一举三得（求月票推荐票）,3272,2432538,2436236
643,旅行家,161,克莱恩版“魔镜占卜”,3091,2436236,2439788
644,旅行家,162,笑声,3296,2439788,2443567
645,旅行家,163,平静的办法,3168,2443567,2447257
646,旅行家,164,莱曼诺的魔法书,4299,2447257,2452211
647,旅行家,165,废墟之海,3091,2452211,2455781
648,旅行家,166,正午与夜晚,3177,2455781,2459474
649,旅行家,167,黑色修道院,3290,2459474,2463346
650,旅行家,168,倒霉的安德森,3304,2463346,2467287
651,旅行家,169,再遇,3039,2467287,2470845
652,旅行家,170,美人鱼的线索,3337,2470845,2474722
653,旅行家,171,脸黑手黑,3185,2474722,2478506
654,旅行家,172,囚犯与看守（周一求推荐票月票）,3554,2478506,2482670
655,旅行家,173,梦境分析（求月票推荐票）,3085,2482670,2486242
656,旅行家,174,疯狂的异变（求月票）,3355,2486242,2490238
657,旅行家,175,恐怖的生命力（求月票）,3059,2490238,2493759
658,旅行家,176,五万五千镑（求月票）,3128,2493759,2497348
659,旅行家,177,这个非凡能力很强（求月票）,3176,2497348,2500952
660,旅行家,178,面具之后（感谢白银盟“宇宙的共主”同学）,3088,2500952,2504595
661,旅行家,179,临近（求月票）,4390,2504595,2509692
662,旅行家,180,强大的气场（求保底月票）,3165,2509692,2513397
663,旅行家,181,虚惊（求保底月票）,3292,2513397,2517113
664,旅行家,182,争分夺秒（求月票）,3579,2517113,2521266
665,旅行家,183,灵体之线（求月票）,3135,2521266,2524801
666,旅行家,184,下午镇,2990,2524801,2528227
667,旅行家,185,祷文,3233,2528227,2531997
668,旅行家,186,自信也许是缺点（求推荐票月票）,3847,2531997,2536343
669,旅行家,187,交换情报（求月票推荐票）,3149,2536343,2539967
670,旅行家,188,忏悔者（第一更求月票）,3116,2539967,2543659
671,旅行家,189,第四个名字（第二更求月票）,3051,2543659,2547300
672,旅行家,190,旁观（2万月票加更）,3181,2547300,2550953
673,旅行家,191,血字,3313,2550953,2554731
674,旅行家,192,离船,3190,2554731,2558446
675,旅行家,193,联络感情,3122,2558446,2562107
676,旅行家,194,三方交易,3179,2562107,2565723
677,旅行家,195,猛虎落地式,3235,2565723,2569444
678,旅行家,196,敲打,3359,2569444,2573172
679,旅行家,197,杀人请求,3471,2573172,2577104
680,旅行家,198,新的思路,3118,2577104,2580701
681,旅行家,199,侧面回答,3124,2580701,2584286
682,旅行家,200,觅“食”,3488,2584286,2588316
683,旅行家,201,原来你也在这里（周一求推荐票月票）,3231,2588316,2592104
684,旅行家,202,遭遇战（周一求月票推荐票~）,3097,2592104,2595683
685,旅行家,203,从延迟到掉线,3150,2595683,2599265
686,旅行家,204,难以完成的仪式,3331,2599265,2603179
687,旅行家,205,呓语者（4万月票加更！）,3304,2603179,2606969
688,旅行家,206,没等到,3183,2606969,2610635
689,旅行家,207,这就好了？,3088,2610635,2614256
690,旅行家,208,信使小姐,3224,2614256,2618036
691,旅行家,209,碰面,3105,2618036,2621683
692,旅行家,210,嫌疑犯,3128,2621683,2625270
693,旅行家,211,尝试,3053,2625270,2628794
694,旅行家,212,念后即焚（感谢古逸川同学白银盟）,3241,2628794,2632598
695,旅行家,213,鲜明对比,3228,2632598,2636347
696,旅行家,214,巨人守护者,3291,2636347,2640292
697,旅行家,215,故事的进度,3219,2640292,2643943
698,旅行家,216,第五位天使之王（求月票推荐票）,3304,2643943,2647815
699,旅行家,217,BOSS战,2936,2647815,2651213
700,旅行家,218,默契,3338,2651213,2655074
701,旅行家,219,巨人永不退缩,3164,2655074,2658725
702,旅行家,220,故事尾声,3262,2658725,2662519
703,旅行家,221,谢礼,3110,2662519,2666106
704,旅行家,222,来历,3045,2666106,2669586
705,旅行家,223,神话生物,3120,2669586,2673167
706,旅行家,224,那个男人（6万月票加更）,3179,2673167,2676935
707,旅行家,225,达尼兹的请求,3264,2676935,2680698
708,旅行家,226,价值9000镑的左轮,3136,2680698,2684253
709,旅行家,227,艾尔兰的提醒,3035,2684253,2687739
710,旅行家,228,方案,2630,2687739,2690702
711,旅行家,229,风暴来袭,3393,2690702,2694532
712,旅行家,230,忠心耿耿阿尔杰,3126,2694532,2698103
713,旅行家,230,三个问题（周一求推荐票月票）,3226,2698103,2701781
714,旅行家,232,新的日记（周一求月票推荐票）,3139,2701781,2705313
715,旅行家,233,晚年疯狂,3136,2705313,2708850
716,旅行家,234,岛屿与遗迹,3625,2708850,2712973
717,旅行家,235,“世界”与侠盗,3637,2712973,2717086
718,旅行家,236,书中的角色,3088,2717086,2720654
719,旅行家,237,梦境之旅,3055,2720654,2724140
720,旅行家,238,哲学家,3149,2724140,2727683
721,旅行家,239,克莱恩的引导（8万月票加更）,3363,2727683,2731583
722,旅行家,240,不平静的夜晚,3274,2731583,2735439
723,旅行家,241,今天又做了件好事,3140,2735439,2739050
724,旅行家,242,提醒的真正含义（最后两天求月票）,3111,2739050,2742562
725,旅行家,243,清晨,2590,2742562,2745611
726,旅行家,244,准备很重要,3147,2745611,2749226
727,旅行家,245,幸运儿（求月票）,3163,2749226,2752824
728,旅行家,246,素质三连（感谢大家）,3866,2752824,2757226
729,旅行家,247,乱（求保底月票）,3124,2757226,2760785
730,旅行家,248,处理隐患（第一更感谢白银盟开心日子）,3101,2760785,2764307
731,旅行家,249,收获（第二更感谢白银盟维凯尔）,3122,2764307,2767817
732,旅行家,250,终点（第三更感谢海豹感谢大家）,5207,2767817,2773818
733,不死者,1,归来记,3097,2773818,2777239
734,不死者,2,老朋友们,3156,2777239,2780936
735,不死者,3,再探,3244,2780936,2784731
736,不死者,4,三张椅子,3143,2784731,2788385
737,不死者,5,正式登场（周一求推荐票求月票）,3235,2788385,2792160
738,不死者,6,富翁的日常（周一求月票推荐票）,2642,2792160,2795258
739,不死者,7,遇上的和未遇上的,3153,2795258,2798914
740,不死者,8,自荐,3109,2798914,2802574
741,不死者,9,管家,3344,2802574,2806361
742,不死者,10,敲定,3096,2806361,2809960
743,不死者,11,一页日记,3078,2809960,2813418
744,不死者,12,卖出,3320,2813418,2817170
745,不死者,13,知识等于金钱,3088,2817170,2820760
746,不死者,14,同样的夜晚,3096,2820760,2824387
747,不死者,15,首杀（感谢白银盟杀手钟馗大号）,3229,2824387,2828223
748,不死者,16,一唱一和,3210,2828223,2831855
749,不死者,17,“月亮”权柄,3194,2831855,2835449
750,不死者,18,吸引？,3166,2835449,2839132
751,不死者,19,鲁恩式含蓄（周一求推荐票月票）,3363,2839132,2843144
752,不死者,20,警告,3226,2843144,2846916
753,不死者,21,主教拜访,3124,2846916,2850493
754,不死者,22,邀请,3187,2850493,2854113
755,不死者,23,“接线员”,3064,2854113,2857565
756,不死者,24,大弥撒,3194,2857565,2861325
757,不死者,25,梦遇,3123,2861325,2864899
758,不死者,26,付出总有回报,3535,2864899,2869195
759,不死者,27,第一支舞,3188,2869195,2872836
760,不死者,28,圈子真小,3150,2872836,2876421
761,不死者,29,好人好事,3180,2876421,2880120
762,不死者,30,复国会,3111,2880120,2883706
763,不死者,31,X先生,3109,2883706,2887357
764,不死者,32,初次审查（周一求推荐票月票）,3239,2887357,2891167
765,不死者,33,又是周一（求月票推荐票）,3144,2891167,2894774
766,不死者,34,诸神的“锚”,3140,2894774,2898285
767,不死者,35,转达,3076,2898285,2901812
768,不死者,36,聪明人的“对话”,3089,2901812,2905298
769,不死者,37,献祭自己,3109,2905298,2908974
770,不死者,38,小孩就要有小孩的样子,3074,2908974,2912525
771,不死者,39,窃运者,3131,2912525,2915982
772,不死者,40,瓦尔特的异常,3107,2915982,2919427
773,不死者,41,额外的展开,3083,2919427,2923072
774,不死者,42,线索,2878,2923072,2926363
775,不死者,43,利用（求月票）,3162,2926363,2930005
776,不死者,44,事前的准备（求月票）,3119,2930005,2933565
777,不死者,45,丧心病狂的配置（求月票推荐票）,3109,2933565,2937108
778,不死者,46,一加一大于二,3118,2937108,2940663
779,不死者,47,一枪,3329,2940663,2944521
780,不死者,48,抽取（求月票）,3899,2944521,2948995
781,不死者,49,负面效果（求保底月票）,3201,2948995,2952698
782,不死者,50,周六晚上（感谢白银盟Y先生cc兼求保底月票）,3106,2952698,2956220
783,不死者,51,沟通的技巧（求保底月票）,3330,2956220,2960035
784,不死者,52,风评被害（求月票）,3135,2960035,2963616
785,不死者,53,特莉丝的发现（求月票）,3085,2963616,2967299
786,不死者,54,报假账（求月票）,3162,2967299,2970984
787,不死者,55,多里安的告诫（求月票）,3152,2970984,2974704
788,不死者,56,隐秘通道（求月票）,3369,2974704,2978524
789,不死者,57,各自的周一（求推荐票月票）,3076,2978524,2982098
790,不死者,58,日记的尾声（周一求推荐票月票）,3129,2982098,2985697
791,不死者,59,新模式（双倍最后一天求月票）,3239,2985697,2989315
792,不死者,60,“愚者”的“权柄”（双倍最后一天求月票）,3325,2989315,2993114
793,不死者,61,意外的来访者（提前更新给大家争取返回）,3800,2993114,2997376
794,不死者,64,短期投资,3276,2997376,3001099
795,不死者,63,耐心（上一章章节序号错了）,3144,3001099,3004729
796,不死者,64,逐渐熟练,3202,3004729,3008420
797,不死者,65,奖励,3167,3008420,3012098
798,不死者,66,故地重游,3094,3012098,3015621
799,不死者,67,窥视,2598,3015621,3018592
800,不死者,68,精神变“好”,2548,3018592,3021449
801,不死者,69,哀求,2852,3021449,3024818
802,不死者,70,后续的办法,2657,3024818,3027796
803,不死者,71,正名（周一求推荐票月票）,3132,3027796,3031371
804,不死者,72,考古队,2712,3031371,3034463
805,不死者,73,会合,3159,3034463,3037965
806,不死者,74,夜半入岛,3115,3037965,3041545
807,不死者,75,不怎么样的运气,3182,3041545,3045217
808,不死者,76,要命的歌声,3046,3045217,3048703
809,不死者,77,黑暗里的危机,3079,3048703,3052177
810,不死者,78,谁的教堂,3366,3052177,3056086
811,不死者,79,墓葬厅的画卷,3070,3056086,3059593
812,不死者,80,另一个角度的神话,3135,3059593,3063118
813,不死者,81,暴君,3192,3063118,3066785
814,不死者,82,不见了,3136,3066785,3070337
815,不死者,83,复盘,3197,3070337,3073925
816,不死者,84,完成交易（周一求推荐票月票）,3151,3073925,3077485
817,不死者,85,客人们（周一求推荐票月票）,3121,3077485,3081140
818,不死者,86,提醒,3094,3081140,3084775
819,不死者,87,馈赠,3324,3084775,3088640
820,不死者,88,两次恍惚,3283,3088640,3092472
821,不死者,89,精神印记,3134,3092472,3095993
822,不死者,90,还有,3250,3095993,3099669
823,不死者,91,成长的塔罗会,3273,3099669,3103457
824,不死者,92,冲击,3264,3103457,3107166
825,不死者,93,预约,3348,3107166,3111061
826,不死者,94,遗忘的念头,3166,3111061,3114639
827,不死者,95,人来人往,3272,3114639,3118448
828,不死者,96,夜的乐章,3713,3118448,3122728
829,不死者,97,六月来临,3366,3122728,3126595
830,不死者,98,潜入（周一求推荐票月票）,3223,3126595,3130297
831,不死者,99,近在咫尺（周一求月票推荐票）,3566,3130297,3134278
832,不死者,100,小镇（上月第一加更）,3083,3134278,3137795
833,不死者,101,需要注意的事情,3443,3137795,3141844
834,不死者,102,好运（感谢白银盟忠仆旺财）,2286,3141844,3144437
835,不死者,103,来来往往的身影,3356,3144437,3148220
836,不死者,104,“投食”,3161,3148220,3151937
837,不死者,105,悬挂者（五月最后两天求月票）,3125,3151937,3155586
838,不死者,106,历史孔隙里的影像（最后一天半求月票）,3270,3155586,3159444
839,不死者,107,古神的后裔（最后一天求月票）,3127,3159444,3163059
840,不死者,108,发挥优势（最后半天求月票）,3123,3163059,3166603
841,不死者,109,互相牵制（提前更新求保底月票）,4490,3166603,3171681
842,不死者,110,门后（求保底月票）,3282,3171681,3175446
843,不死者,111,神奇的蘑菇（求保底月票）,3873,3175446,3179818
844,不死者,112,哪个符号（求保底月票）,3156,3179818,3183472
845,不死者,113,回归,3182,3183472,3187053
846,不死者,114,搜查目标,3090,3187053,3190610
847,不死者,115,卷宗内藏着的那个名字,3211,3190610,3194312
848,不死者,116,殃及池鱼,3093,3194312,3197920
849,不死者,117,诊金,3061,3197920,3201518
850,不死者,118,魔鬼在细节,3411,3201518,3205439
851,不死者,119,道恩.唐泰斯的新生意,3234,3205439,3209320
852,不死者,120,单刀直入,3080,3209320,3212896
853,不死者,121,话术经验的对比,3182,3212896,3216680
854,不死者,122,告解（感谢黄金盟忠仆旺财）,3112,3216680,3220256
855,不死者,123,新访客,3087,3220256,3223869
856,不死者,124,保镖上门,3196,3223869,3227664
857,不死者,125,感慨,3324,3227664,3231591
858,不死者,126,大手笔,3178,3231591,3235251
859,不死者,127,新的蘑菇,3044,3235251,3238762
860,不死者,128,惊马,3029,3238762,3242309
861,不死者,129,佛尔思的梦,3205,3242309,3246036
862,不死者,130,好心提醒,3378,3246036,3250030
863,不死者,131,慈善晚会,3138,3250030,3253647
864,不死者,132,演员与观众,3252,3253647,3257337
865,不死者,133,霍尔伯爵的提议,3098,3257337,3260955
866,不死者,134,故乡,3051,3260955,3264489
867,不死者,135,调查任务,3117,3264489,3268031
868,不死者,136,公共马甲,3148,3268031,3271508
869,不死者,137,检举他！,3141,3271508,3275140
870,不死者,138,直击内心的问题（黄金盟加更）,2715,3275140,3278368
871,不死者,139,理事,2541,3278368,3281422
872,不死者,140,通灵结果,2619,3281422,3284441
873,不死者,141,不着痕迹的沟通,3177,3284441,3288034
874,不死者,142,什么都没说,3028,3288034,3291492
875,不死者,143,木乃伊（感谢忠仆旺财打赏白银盟）,3217,3291492,3295302
876,不死者,144,移祸之术,3108,3295302,3298793
877,不死者,145,谁的陷阱,3077,3298793,3302385
878,不死者,146,阿罗德斯的问题,3104,3302385,3305935
879,不死者,147,双重目的,3188,3305935,3309596
880,不死者,148,沉默者,3277,3309596,3313405
881,不死者,149,一出“戏剧,3218,3313405,3317091
882,不死者,150,核心的诡计,3204,3317091,3320660
883,不死者,151,半神的评价（月底求票）,3276,3320660,3324446
884,不死者,152,注定的相遇（感谢江南南、打赏白银盟）,3204,3324446,3328179
885,不死者,153,两封信（第三更）,3201,3328179,3331911
886,不死者,154,走前准备（求月票）,3218,3331911,3335685
887,不死者,155,熟悉的身影（求月票）,3060,3335685,3339242
888,不死者,156,惊魂一瞥（求保底月票）,4388,3339242,3344181
889,不死者,157,提醒众人（求保底月票）,3329,3344181,3347972
890,不死者,158,不用管祂（求月票）,3205,3347972,3351521
891,不死者,159,奇怪的小教堂（求月票）,3148,3351521,3355003
892,不死者,160,各自的“理解”（求月票）,3122,3355003,3358555
893,不死者,161,头发般的植物（求月票）,3076,3358555,3362001
894,不死者,162,相逢,3035,3362001,3365519
895,不死者,163,终于放心,4765,3365519,3370862
896,不死者,164,戴莉的试探,3021,3370862,3374441
897,不死者,165,首席的暗示,3063,3374441,3377984
898,不死者,166,回报,3233,3377984,3381646
899,不死者,167,狂暴海的灵界,3048,3381646,3385103
900,不死者,168,“自荐”（周一求推荐票月票）,3044,3385103,3388588
901,不死者,169,变异的纸人（周一求月票推荐票）,3064,3388588,3392052
902,不死者,170,阴影,3052,3392052,3395520
903,不死者,171,学者型主教,3077,3395520,3399215
904,不死者,172,分析,3054,3399215,3402572
905,不死者,173,思维盲区,3044,3402572,3406113
906,不死者,174,伦纳德的提醒,3071,3406113,3409665
907,不死者,175,玄学的力量,3105,3409665,3413200
908,不死者,176,不留问题,3072,3413200,3416733
909,不死者,177,侍奉好运,3115,3416733,3420303
910,不死者,178,“怪物”途径,3108,3420303,3423802
911,不死者,179,奇异的画面,3123,3423802,3427411
912,不死者,180,“工匠”的来历（周一求月票推荐票）,3110,3427411,3431060
913,不死者,181,克莱恩的准备工作,2575,3431060,3434052
914,不死者,182,陵寝深处的呼喊,2620,3434052,3437112
915,不死者,183,另一个“我”,2775,3437112,3440248
916,不死者,184,无法阻止的靠近,3076,3440248,3443806
917,不死者,185,三个选择,3139,3443806,3447472
918,不死者,186,猜测与想法,3100,3447472,3450860
919,不死者,187,“完美”的推理,3472,3450860,3454880
920,不死者,188,卡尔德隆的来历,3067,3454880,3458459
921,不死者,189,礼貌第一,3137,3458459,3462063
922,不死者,190,菇与鱼,3186,3462063,3465720
923,不死者,191,后遗症,3107,3465720,3469359
924,不死者,192,冒险行动第一要素（周一求推荐票月票）,3188,3469359,3472944
925,不死者,193,挑“衣服”（周一求月票推荐票）,3180,3472944,3476524
926,不死者,194,往下的城市,3064,3476524,3480008
927,不死者,195,“暴君”之威,3225,3480008,3483696
928,不死者,196,误导（感谢白银盟江南南、）,3357,3483696,3487583
929,不死者,197,真实魂体（感谢白银盟灰白夜空）,3244,3487583,3491309
930,不死者,198,曾经的组织,3108,3491309,3494891
931,不死者,199,获取情报的新方法,3127,3494891,3498447
932,不死者,200,脸皮较薄,3191,3498447,3501976
933,不死者,201,恶灵的共同点,3076,3501976,3505520
934,不死者,202,一加一大于二,3181,3505520,3509115
935,不死者,203,“会合”（六月月票第一加更）,3117,3509115,3512828
936,不死者,204,不想错过,3209,3512828,3516599
937,不死者,205,数天后（求推荐票月票）,3059,3516599,3520125
938,不死者,206,落笔（求推荐票月票）,3081,3520125,3523682
939,不死者,207,鱼饵（月底求月票）,3159,3523682,3527430
940,不死者,208,一个故事（月末求月票）,3891,3527430,3531836
941,不死者,209,符合逻辑的发展（最后一天求月票）,3223,3531836,3535615
942,不死者,210,神之诅咒（最后半天求月票）,3279,3535615,3539387
943,不死者,211,第三幕（提前更新求八月保底月票）,3453,3539387,3543289
944,不死者,212,第四幕（求月票）,3047,3543289,3546795
945,不死者,213,故事的尾声,3655,3546795,3551122
946,不死者,214,一个恩赐，或者，一个诅咒,5453,3551122,3557301
947,红祭司,1,出诊（感谢忠仆旺财打赏白银盟）,3136,3557301,3560947
948,红祭司,2,存在的意义,3198,3560947,3564525
949,红祭司,3,调查方向,3164,3564525,3568080
950,红祭司,4,守秘,3244,3568080,3571917
951,红祭司,5,抽牌,3015,3571917,3575429
952,红祭司,6,世界真小,2656,3575429,3578644
953,红祭司,7,预言,3044,3578644,3582197
954,红祭司,8,奇怪的古堡,3073,3582197,3585878
955,红祭司,9,古老怨灵,3271,3585878,3589768
956,红祭司,10,门后的东西,3284,3589768,3593750
957,红祭司,11,认识一下（周一求推荐票月票）,3614,3593750,3598084
958,红祭司,12,贴标签（周一求月票推荐票）,3228,3598084,3601779
959,红祭司,13,新人和新人也是不一样的,3158,3601779,3605408
960,红祭司,14,“愚者”的叹息,3066,3605408,3608881
961,红祭司,15,告知式提醒,3173,3608881,3612465
962,红祭司,16,被知道,3228,3612465,3616066
963,红祭司,17,情报的问题,3174,3616066,3619675
964,红祭司,18,梅迪奇的死因,3025,3619675,3623244
965,红祭司,19,短暂的危机,3218,3623244,3627017
966,红祭司,20,列车,3113,3627017,3630622
967,红祭司,21,“神谕”,2768,3630622,3633783
968,红祭司,22,“降临”的圣者,3052,3633783,3637339
969,红祭司,23,公爵（周一求推荐票月票）,3208,3637339,3641134
970,红祭司,24,募捐的天赋（周一求推荐票月票）,3116,3641134,3644780
971,红祭司,25,克制,3062,3644780,3648359
972,红祭司,26,纳斯特的回忆,3033,3648359,3651985
973,红祭司,27,新的“天使”,3070,3651985,3655540
974,红祭司,28,心灵世界,3112,3655540,3659053
975,红祭司,29,熟悉的味道,3167,3659053,3662644
976,红祭司,30,狂信徒,3316,3662644,3666357
977,红祭司,31,初次布道,3069,3666357,3669969
978,红祭司,32,礼物,3580,3669969,3674102
979,红祭司,33,生活的乐趣,3125,3674102,3677735
980,红祭司,34,寄生对象的选择,3031,3677735,3681336
981,红祭司,35,海柔尔的决定（周一求推荐票月票）,3170,3681336,3685019
982,红祭司,36,“诡法师”VS“寄生者”（周一求月票推荐票）,3113,3685019,3688525
983,红祭司,37,以你之名,3170,3688525,3692214
984,红祭司,38,积极应对,3072,3692214,3695625
985,红祭司,39,“隐秘”的眷者,3356,3695625,3699359
986,红祭司,40,寄生的“感染性”,3178,3699359,3703065
987,红祭司,41,“清仓”,3362,3703065,3706814
988,红祭司,42,共同行动,3299,3706814,3710596
989,红祭司,43,“导师”阿尔杰（月底求月票）,3253,3710596,3714318
990,红祭司,44,内心的恐惧（月底求月票）,3298,3714318,3718011
991,红祭司,45,没有“回应”的仪式（最后一天求月票）,3085,3718011,3721665
992,红祭司,46,阿罗德斯的恭贺（求保底月票）,3940,3721665,3726151
993,红祭司,47,另外一个可能（求保底月票推荐票）,3336,3726151,3729916
994,红祭司,48,前奏（求保底月票）,3254,3729916,3733772
995,红祭司,49,“连体人”（求保底月票）,3090,3733772,3737491
996,红祭司,50,牌局（月初求月票）,3144,3737491,3741152
997,红祭司,51,“赌神”道恩,3337,3741152,3745082
998,红祭司,52,建立联系,3048,3745082,3748601
999,红祭司,53,教唆,3209,3748601,3752321
1000,红祭司,54,序曲,3040,3752321,3755842
1001,红祭司,55,第一乐章,3126,3755842,3759439
1002,红祭司,56,第二乐章,3080,3759439,3763002
1003,红祭司,57,间奏,3615,3763002,3767206
1004,红祭司,58,第三乐章,3032,3767206,3770757
1005,红祭司,59,第四乐章（周一求推荐票月票）,3188,3770757,3774450
1006,红祭司,60,终章与尾声（周一求月票推荐票）,3164,3774450,3778143
1007,红祭司,61,善后,3146,3778143,3781746
1008,红祭司,62,分配,3177,3781746,3785500
1009,红祭司,63,馈赠总是要归还,3038,3785500,3788880
1010,红祭司,64,顾问费,3295,3788880,3792663
1011,红祭司,65,罗塞尔的另一个提醒,3042,3792663,3796187
1012,红祭司,66,九月的一天,3143,3796187,3799688
1013,红祭司,67,各自的成长（祝大家中秋快乐）,3051,3799688,3803262
1014,红祭司,68,成长的各自（祝大家中秋快乐）,3066,3803262,3806869
1015,红祭司,69,战争的脚步,3071,3806869,3810490
1016,红祭司,70,灵教团的消息（感谢CzLB同学打赏白银盟）,3214,3810490,3814215
1017,红祭司,71,玫歌庄园（周一求推荐票月票）,3256,3814215,3817994
1018,红祭司,72,意想不到（周一求月票推荐票）,3254,3817994,3821879
1019,红祭司,73,耐心,3034,3821879,3825526
1020,红祭司,74,魔女的手段,3040,3825526,3829032
1021,红祭司,75,十字架,3086,3829032,3832678
1022,红祭司,76,答案,3344,3832678,3836659
1023,红祭司,77,梅森.迪尔之死,3120,3836659,3840187
1024,红祭司,78,传统艺能,3057,3840187,3843667
1025,红祭司,79,随机性异变,3048,3843667,3847115
1026,红祭司,80,两次禁止,3052,3847115,3850673
1027,红祭司,81,欺瞒,3254,3850673,3854390
1028,红祭司,82,自救,3378,3854390,3858297
1029,红祭司,83,1号遗迹（周一求推荐票月票）,3122,3858297,3861882
1030,红祭司,84,联合行动（周一求推荐票月票）,3243,3861882,3865672
1031,红祭司,85,可能性,3709,3865672,3869935
1032,红祭司,86,强力净化者,3260,3869935,3873637
1033,红祭司,87,要有光,3248,3873637,3877235
1034,红祭司,88,收获,3069,3877235,3880815
1035,红祭司,89,提前的日记,3090,3880815,3884317
1036,红祭司,90,“预想”的发展,3146,3884317,3887882
1037,红祭司,91,格尔曼的问题,3095,3887882,3891360
1038,红祭司,92,名单,3126,3891360,3894913
1039,红祭司,93,希望（求双倍月票）,3342,3894913,3898731
1040,红祭司,94,宁静的海面（八月月票第一加更）,3123,3898731,3902462
1041,红祭司,95,王女（求月票）,3046,3902462,3906006
1042,红祭司,96,不同角度的计划（月底求月票周一求推荐票）,3217,3906006,3909752
1043,红祭司,97,各怀心思（求月票推荐票）,3247,3909752,3913526
1044,红祭司,98,置身激流（求保底月票）,4082,3913526,3918270
1045,红祭司,99,梦境行者（求月票）,3053,3918270,3921751
1046,红祭司,100,一个“考验”（求月票）,3238,3921751,3925490
1047,红祭司,101,头脑风暴（求月票）,3244,3925490,3929199
1048,红祭司,102,真假“间谍”（求月票）,3620,3929199,3933340
1049,红祭司,103,“观众”的直觉（求月票）,3320,3933340,3937152
1050,红祭司,104,擅用催眠,3214,3937152,3940820
1051,红祭司,105,不同途径不同风格,3384,3940820,3944608
1052,红祭司,106,三打一,3624,3944608,3948721
1053,红祭司,107,会长（九月月票第一加更）,3148,3948721,3952415
1054,红祭司,108,“量身定做”的仪式,3184,3952415,3956130
1055,红祭司,109,思路（周一求月票推荐票）,3147,3956130,3959811
1056,红祭司,110,真正的“魔鬼”（周一求月票推荐票）,3085,3959811,3963459
1057,红祭司,111,超凡的与普通的,3086,3963459,3967051
1058,红祭司,112,工具人,3109,3967051,3970728
1059,红祭司,113,“月亮”的权柄,3302,3970728,3974542
1060,红祭司,114,掩盖的秘密,3235,3974542,3978311
1061,红祭司,115,谁的梦,3204,3978311,3981939
1062,红祭司,116,在线“授课”,3225,3981939,3985723
1063,红祭司,117,主的左手,3256,3985723,3989428
1064,红祭司,118,拉近关系,3156,3989428,3993147
1065,红祭司,119,漫游星空者,3317,3993147,3996998
1066,红祭司,120,熟悉的名字,3158,3996998,4000557
1067,红祭司,121,精灵编年史（周一求月票推荐票）,3533,4000557,4004550
1068,红祭司,122,不合理的细节（周一求推荐票月票）,3207,4004550,4008164
1069,红祭司,123,“海底”,3161,4008164,4011762
1070,红祭司,124,也许是真的,3180,4011762,4015428
1071,红祭司,125,诚实大厅,3138,4015428,4019063
1072,红祭司,126,门后的呼喊,3208,4019063,4022745
1073,红祭司,127,三个可能,3244,4022745,4026384
1074,红祭司,128,问题的答案（感谢白银盟王先生穿潜水衣）,3074,4026384,4029988
1075,红祭司,129,没有回应,3013,4029988,4033534
1076,红祭司,130,多里安的请求,3191,4033534,4037284
1077,红祭司,131,四个选择,3225,4037284,4040976
1078,红祭司,132,隐藏的秘密,3088,4040976,4044388
1079,红祭司,133,辛勤的园丁（周一求推荐票月票）,3175,4044388,4047999
1080,红祭司,134,扮演的思路（周一求月票推荐票）,3089,4047999,4051542
1081,红祭司,135,归来者,3156,4051542,4055176
1082,红祭司,136,突如其来,3199,4055176,4058974
1083,红祭司,137,纷乱的贝克兰德,3326,4058974,4062848
1084,红祭司,138,战争中的人们,3121,4062848,4066570
1085,红祭司,139,审视处境,3774,4066570,4070727
1086,红祭司,140,很简单的推理,3527,4070727,4074854
1087,红祭司,141,神灵的态度,3113,4074854,4078429
1088,红祭司,142,躲入暗中,3320,4078429,4082252
1089,红祭司,143,艰难的抉择,3200,4082252,4085944
1090,红祭司,144,怪谈,3134,4085944,4089579
1091,红祭司,145,自问（周一求推荐票月票）,3093,4089579,4093099
1092,红祭司,146,可笑之人（周一求推荐票月票）,3133,4093099,4096753
1093,红祭司,147,“愚者”的天使们,3081,4096753,4100317
1094,红祭司,148,突破口,3092,4100317,4103857
1095,红祭司,149,本色演出（月底求票）,3089,4103857,4107545
1096,红祭司,150,协作（月底求月票）,3156,4107545,4111190
1097,红祭司,151,不同的困境（月底求月票）,3195,4111190,4114800
1098,红祭司,152,积累贡献,3402,4114800,4118633
1099,红祭司,153,1368（求保底月票）,4200,4118633,4123534
1100,红祭司,154,一册（求保底月票）,3195,4123534,4127183
1101,红祭司,155,特别的报酬（求保底月票）,3167,4127183,4130753
1102,红祭司,156,驱虎吞狼（求保底月票）,3153,4130753,4134338
1103,红祭司,157,暗示（周一求推荐票月票）,3095,4134338,4137818
1104,红祭司,158,矛盾之处（周一求推荐票月票）,3078,4137818,4141397
1105,红祭司,159,关键日记,3238,4141397,4145018
1106,红祭司,160,互动,3083,4145018,4148583
1107,红祭司,161,轻松,3176,4148583,4152272
1108,红祭司,162,混乱的家庭,3110,4152272,4155862
1109,红祭司,163,耐心,3162,4155862,4159447
1110,红祭司,164,通“灵”,3454,4159447,4163446
1111,红祭司,165,“扑克高手”,3124,4163446,4167051
1112,红祭司,166,旅行笔记,3315,4167051,4170785
1113,红祭司,167,强大的看守者,3218,4170785,4174424
1114,红祭司,168,残留的意志,3022,4174424,4177878
1115,红祭司,169,王庭内部（周一求推荐票月票）,3201,4177878,4181622
1116,红祭司,170,熟悉的注视（周一求推荐票月票）,3622,4181622,4185865
1117,红祭司,171,最强组织,3457,4185865,4189921
1118,红祭司,172,克莱恩的畏惧,3110,4189921,4193440
1119,红祭司,173,默契的配合,3074,4193440,4197012
1120,红祭司,174,王庭追猎者,3249,4197012,4200705
1121,红祭司,175,弱点,3139,4200705,4204255
1122,红祭司,176,“愚者”的指示,3169,4204255,4207966
1123,红祭司,177,探索之后,3084,4207966,4211577
1124,红祭司,178,强化队友,3115,4211577,4215321
1125,红祭司,179,契机,3152,4215321,4218938
1126,红祭司,180,“出乎意料”,2788,4218938,4222266
1127,红祭司,181,“源堡”（周一求月票推荐票）,3061,4222266,4225798
1128,红祭司,182,终出成果（周一求推荐票月票）,3137,4225798,4229430
1129,红祭司,183,压力,3078,4229430,4232829
1130,红祭司,184,消息风暴,3212,4232829,4236412
1131,红祭司,185,不可言喻的交易,3122,4236412,4240052
1132,红祭司,186,幕间,3097,4240052,4243674
1133,红祭司,187,诵念,3128,4243674,4247261
1134,红祭司,188,“门”先生,3110,4247261,4250851
1135,红祭司,189,香味,3514,4250851,4254950
1136,红祭司,190,古老年代里的传闻,3036,4254950,4258390
1137,红祭司,191,历史中,3401,4258390,4262239
1138,红祭司,192,“古代学者”（十月月票第一加更）,3331,4262239,4265965
1139,红祭司,193,另一种形式的陪伴,3134,4265965,4269546
1140,红祭司,194,打算（周一求推荐票月票）,3447,4269546,4273546
1141,红祭司,195,深冬（周一求推荐票月票）,3049,4273546,4277112
1142,红祭司,196,预警,3092,4277112,4280681
1143,红祭司,197,合理的发展,3055,4280681,4284210
1144,红祭司,198,险些,3097,4284210,4287712
1145,红祭司,199,三箭齐发,3070,4287712,4291213
1146,红祭司,200,真正的神棍,3113,4291213,4294863
1147,红祭司,201,混乱,3211,4294863,4298556
1148,红祭司,202,没迟到（月底求票）,3426,4298556,4302543
1149,红祭司,203,逃（月底求月票）,3129,4302543,4306286
1150,红祭司,204,狂奔,5522,4306286,4312485
1151,逐光者,1,欺诈,3433,4312485,4316481
1152,逐光者,2,“错误”,3197,4316481,4320285
1153,逐光者,3,黄昏通道,3104,4320285,4323858
1154,逐光者,4,给你一个机会,3087,4323858,4327422
1155,逐光者,5,行于黑暗中,3168,4327422,4331066
1156,逐光者,6,思考,3102,4331066,4334647
1157,逐光者,7,风度,3278,4334647,4338482
1158,逐光者,8,觉悟,3193,4338482,4342226
1159,逐光者,9,证实（周一求推荐票月票）,3101,4342226,4345804
1160,逐光者,10,有进步（周一求月票推荐票）,3122,4345804,4349450
1161,逐光者,11,倒数计时,3180,4349450,4353124
1162,逐光者,12,预言,3318,4353124,4357018
1163,逐光者,13,迫近,3110,4357018,4360602
1164,逐光者,14,“作弊”,3196,4360602,4364262
1165,逐光者,15,豪华阵容,3062,4364262,4367794
1166,逐光者,16,它的名字,3262,4367794,4371646
1167,逐光者,17,群星归位时,3088,4371646,4375229
1168,逐光者,18,我的锚,3162,4375229,4378818
1169,逐光者,19,克莱恩的打算,3423,4378818,4382653
1170,逐光者,20,仪式,3654,4382653,4386895
1171,逐光者,21,第三位（周一求推荐票月票）,3413,4386895,4390734
1172,逐光者,22,“坦然”（周一求月票推荐票）,3155,4390734,4394334
1173,逐光者,23,建议,3123,4394334,4397944
1174,逐光者,24,联合行动,3085,4397944,4401512
1175,逐光者,25,思路很重要,3062,4401512,4405082
1176,逐光者,26,阳谋,3084,4405082,4408647
1177,逐光者,27,代问,3095,4408647,4412163
1178,逐光者,28,我有个眷者,3185,4412163,4415796
1179,逐光者,29,两手准备,3234,4415796,4419525
1180,逐光者,30,不同的效果,3125,4419525,4423223
1181,逐光者,31,诺斯古城,3082,4423223,4426686
1182,逐光者,32,圣言,3149,4426686,4430328
1183,逐光者,33,克莱恩的优势（周一求月票推荐票）,3086,4430328,4433879
1184,逐光者,34,“记录”（周一求月票推荐票）,3227,4433879,4437695
1185,逐光者,35,重现,3050,4437695,4441382
1186,逐光者,36,机会与风险并存,3129,4441382,4444967
1187,逐光者,37,改变,3184,4444967,4448740
1188,逐光者,38,厚颜,3139,4448740,4452420
1189,逐光者,39,冬礼日,3109,4452420,4456005
1190,逐光者,40,共鸣,3161,4456005,4459718
1191,逐光者,41,把握心理,3032,4459718,4463161
1192,逐光者,42,各司其职,3322,4463161,4466936
1193,逐光者,43,向东,3120,4466936,4470507
1194,逐光者,44,狮子搏兔（双倍求月票）,3148,4470507,4474259
1195,逐光者,45,“0”级（11月月票第一加更）,3106,4474259,4477805
1196,逐光者,46,“丑小鸭”（周一求推荐票月票）,3039,4477805,4481320
1197,逐光者,47,心灵风暴（周一求月票推荐票）,3137,4481320,4484932
1198,逐光者,48,“狂乱”（2019年最后一天求月票）,3083,4484932,4488494
1199,逐光者,49,不祥之盒,4304,4488494,4493274
1200,逐光者,50,随机性（新一年求月票）,3236,4493274,4496939
1201,逐光者,51,专业（新一年求月票）,3282,4496939,4500620
1202,逐光者,52,塔罗会（求月票）,3236,4500620,4504409
1203,逐光者,53,收获（求月票）,3353,4504409,4508254
1204,逐光者,54,不计生死（求月票）,3312,4508254,4512204
1205,逐光者,55,长达千年的陷阱（求月票）,3042,4512204,4515743
1206,逐光者,56,都是老狐狸（提前更新求月票）,3118,4515743,4519336
1207,逐光者,57,多里安的决断（求月票）,3177,4519336,4523201
1208,逐光者,58,久违的宁静（周一求月票推荐票）,3119,4523201,4526922
1209,逐光者,59,两个选择（周一求推荐票月票）,3067,4526922,4530452
1210,逐光者,60,月城（双倍最后一天求月票）,3060,4530452,4534081
1211,逐光者,61,想象不出（双倍最后一天求月票）,4448,4534081,4539202
1212,逐光者,62,传播光辉,2615,4539202,4542234
1213,逐光者,63,永恒不变的迷雾,3043,4542234,4545793
1214,逐光者,64,声音,3044,4545793,4549378
1215,逐光者,65,时间未到,3064,4549378,4552913
1216,逐光者,66,耐心终有回报,3070,4552913,4556468
1217,逐光者,67,五蘑二菇,3109,4556468,4560132
1218,逐光者,68,线索,3171,4560132,4563880
1219,逐光者,69,换一个目标,3048,4563880,4567514
1220,逐光者,70,一块“幕布”（周一求推荐票月票）,3145,4567514,4571177
1221,逐光者,71,留言,3173,4571177,4574831
1222,逐光者,72,“研究所”,3090,4574831,4578411
1223,逐光者,73,那个层次,3122,4578411,4582076
1224,逐光者,74,对末日的猜测,3156,4582076,4585765
1225,逐光者,75,开解,3058,4585765,4589382
1226,逐光者,76,发放蘑菇,3113,4589382,4593068
1227,逐光者,77,召唤仪式,3581,4593068,4597300
1228,逐光者,78,祝愿,3142,4597300,4601055
1229,逐光者,79,集思广益,3152,4601055,4604744
1230,逐光者,80,再会,3086,4604744,4608262
1231,逐光者,81,到处“拜访”,3233,4608262,4612112
1232,逐光者,82,对比实验（周一求推荐票月票）,3085,4612112,4615702
1233,逐光者,83,两处（周一求推荐票月票）,3107,4615702,4619270
1234,逐光者,84,“降临”的投影,3181,4619270,4622889
1235,逐光者,85,最佳辅助,3393,4622889,4626717
1236,逐光者,86,联动,3398,4626717,4630632
1237,逐光者,87,分配,3421,4630632,4634587
1238,逐光者,88,推测,3074,4634587,4638214
1239,逐光者,89,传承（祝大家除夕安乐）,3502,4638214,4642422
1240,逐光者,90,“潮水”（正月初一，鼠年大吉）,3110,4642422,4646085
1241,逐光者,91,灯神,3105,4646085,4649653
1242,逐光者,92,人类迷惑行为（周一求推荐票月票）,3199,4649653,4653419
1243,逐光者,93,忙而不乱,3067,4653419,4656861
1244,逐光者,94,愿望（最后三天求月票）,3043,4656861,4660352
1245,逐光者,95,不用召唤也有帮手（最后两天求月票）,3466,4660352,4664380
1246,逐光者,96,遵从心的意愿（12月月票第一加更）,3366,4664380,4668284
1247,逐光者,97,终于（一月最后一天求月票）,3194,4668284,4671922
1248,逐光者,98,千年的等待（求保底月票）,3780,4671922,4676289
1249,逐光者,99,展现威能（求保底月票）,3112,4676289,4679981
1250,逐光者,100,门后（周一求推荐票月票）,3267,4679981,4683744
1251,逐光者,101,变化（周一求月票推荐票）,3123,4683744,4687317
1252,逐光者,102,小丑先生,3212,4687317,4691043
1253,逐光者,103,祝安好,3043,4691043,4694635
1254,逐光者,104,浮夸,3216,4694635,4698363
1255,逐光者,105,嘲讽自己,3094,4698363,4701935
1256,逐光者,106,我有你没有,3425,4701935,4705785
1257,逐光者,107,太弱,3370,4705785,4709601
1258,逐光者,108,天变,3194,4709601,4713313
1259,逐光者,109,沉睡之地,3147,4713313,4717010
1260,逐光者,110,全知,3056,4717010,4720567
1261,逐光者,111,谁都不会例外,3132,4720567,4724132
1262,逐光者,112,敌人的本质（周一求推荐票月票）,3253,4724132,4727743
1263,逐光者,113,最后的守护（周一求月票推荐票）,3549,4727743,4731776
1264,逐光者,114,后继,3179,4731776,4735444
1265,逐光者,115,战士,3176,4735444,4739061
1266,逐光者,116,光,6844,4739061,4746722
1267,倒吊人,1,欢迎,3414,4746722,4750657
1268,倒吊人,2,“奇迹师”（周一求推荐票月票）,3383,4750657,4754430
1269,倒吊人,3,“愿望”之力（周一求月票推荐票）,3178,4754430,4757957
1270,倒吊人,4,“拜访”,3174,4757957,4761606
1271,倒吊人,5,七光,3197,4761606,4765270
1272,倒吊人,6,“春天”,3028,4765270,4768767
1273,倒吊人,7,可怜的阿罗德斯,3042,4768767,4772293
1274,倒吊人,8,局势的稳定,3204,4772293,4775883
1275,倒吊人,9,新的旅程,3131,4775883,4779531
1276,倒吊人,10,流浪魔术师,3058,4779531,4783215
1277,倒吊人,11,层次的变化,3209,4783215,4786979
1278,倒吊人,12,提醒,3046,4786979,4790427
1279,倒吊人,13,迫切感,3093,4790427,4793995
1280,倒吊人,14,小城偶遇（周一求推荐票月票）,3138,4793995,4797679
1281,倒吊人,15,异变（周一求月票推荐票）,3161,4797679,4801486
1282,倒吊人,16,罪名,3314,4801486,4805580
1283,倒吊人,17,逐渐深化,3245,4805580,4809277
1284,倒吊人,18,限制的漏洞,3117,4809277,4812943
1285,倒吊人,19,谁也别想离开,3452,4812943,4817041
1286,倒吊人,20,老法新用,3236,4817041,4820795
1287,倒吊人,21,诱导,3196,4820795,4824448
1288,倒吊人,22,关键的情报（二月最后两天求月票）,3200,4824448,4828053
1289,倒吊人,23,“愚弄”（二月最后两天求月票）,3271,4828053,4831800
1290,倒吊人,24,完成愿望（二月最后一天求月票）,3173,4831800,4835557
1291,倒吊人,25,两个仪式（求保底月票）,3859,4835557,4839905
1292,倒吊人,26,初入拜亚姆（周一求推荐票月票）,3227,4839905,4843566
1293,倒吊人,27,恶魔油画（周一求月票推荐票）,3183,4843566,4847230
1294,倒吊人,28,对话（求保底月票）,3151,4847230,4850887
1295,倒吊人,29,战争前线的后遗症（求月票）,3069,4850887,4854352
1296,倒吊人,30,天文学爱好者,3271,4854352,4858137
1297,倒吊人,31,奇迹之“森”,3568,4858137,4862334
1298,倒吊人,32,离开,3190,4862334,4866053
1299,倒吊人,33,奶和蜜,3308,4866053,4869897
1300,倒吊人,34,第四个人,3070,4869897,4873414
1301,倒吊人,35,“新生”,3090,4873414,4876927
1302,倒吊人,36,预言中的画面,3194,4876927,4880804
1303,倒吊人,37,活化,3112,4880804,4884415
1304,倒吊人,38,思路的重要性（周一求推荐票月票）,3113,4884415,4888029
1305,倒吊人,39,那道黑影（周一求月票推荐票）,3177,4888029,4891681
1306,倒吊人,40,封印,3470,4891681,4895775
1307,倒吊人,41,见面,3073,4895775,4899383
1308,倒吊人,42,再见,3122,4899383,4902938
1309,倒吊人,43,上门辅导,3079,4902938,4906482
1310,倒吊人,44,使者,3170,4906482,4910151
1311,倒吊人,45,新的任务,3126,4910151,4913652
1312,倒吊人,46,全自动许愿机,3120,4913652,4917383
1313,倒吊人,47,第三个愿望,3278,4917383,4921247
1314,倒吊人,48,奇迹只能一时,3539,4921247,4925445
1315,倒吊人,49,总结报告,3185,4925445,4929095
1316,倒吊人,50,陌生的城市（周一求月票推荐票）,3175,4929095,4932781
1317,倒吊人,51,“傲慢”（周一求月票推荐票）,3133,4932781,4936527
1318,倒吊人,52,七位委员,3124,4936527,4940194
1319,倒吊人,53,“保命咒语”,3022,4940194,4943671
1320,倒吊人,54,心灵邮件,3152,4943671,4947378
1321,倒吊人,55,特殊的六条途径,3175,4947378,4951039
1322,倒吊人,56,遇事不决先拖延,3150,4951039,4954711
1323,倒吊人,57,发展大计,3115,4954711,4958285
1324,倒吊人,58,处理,3118,4958285,4961866
1325,倒吊人,59,半年多后,3118,4961866,4965425
1326,倒吊人,60,成功的“弥撒”,3033,4965425,4968961
1327,倒吊人,61,三个方案,3042,4968961,4972330
1328,倒吊人,62,台下功夫（周一求推荐票月票）,3131,4972330,4975972
1329,倒吊人,63,没有异常的夜晚（周一求月票推荐票）,3058,4975972,4979658
1330,倒吊人,64,入住,3130,4979658,4983365
1331,倒吊人,65,助人为乐,3049,4983365,4987029
1332,倒吊人,66,半夜惊心,3119,4987029,4990715
1333,倒吊人,67,现身说法,3283,4990715,4994637
1334,倒吊人,68,月夜,3085,4994637,4998209
1335,倒吊人,69,“我”,3207,4998209,5001940
1336,倒吊人,70,交互,3094,5001940,5005646
1337,倒吊人,71,连锁反应,3158,5005646,5009431
1338,倒吊人,72,探索,3245,5009431,5013319
1339,倒吊人,73,门后（二月月票第一加更）,3149,5013319,5017025
1340,倒吊人,74,游记（月底求月票）,3169,5017025,5020634
1341,倒吊人,75,梦中（求推荐票月票）,3173,5020634,5024380
1342,倒吊人,76,同时（求月票推荐票）,3089,5024380,5028000
1343,倒吊人,77,编织噩梦（最后一天求月票）,3193,5028000,5031649
1344,倒吊人,78,人性（最后半天求月票）,3416,5031649,5035675
1345,倒吊人,79,又见面了（求保底月票）,4451,5035675,5040747
1346,倒吊人,80,“空想家”的特殊（求保底月票）,3110,5040747,5044338
1347,倒吊人,81,支柱（求保底月票）,3313,5044338,5048199
1348,倒吊人,82,仪式的准备（求月票）,3052,5048199,5051848
1349,倒吊人,83,“门”（求月票）,3244,5051848,5055759
1350,倒吊人,84,愿望（求月票）,3318,5055759,5059605
1351,倒吊人,85,抓住机会,3130,5059605,5063194
1352,倒吊人,86,诡秘侍者（三月月票第一加更）,3214,5063194,5066931
1353,倒吊人,87,牺牲者,5749,5066931,5073395
1354,愚者,1,这一晚,3169,5073395,5077140
1355,愚者,2,事情的收尾,3132,5077140,5080856
1356,愚者,3,紧迫,3126,5080856,5084281
1357,愚者,4,见面,3082,5084281,5087956
1358,愚者,5,对话,3049,5087956,5091472
1359,愚者,6,清晨,3613,5091472,5095594
1360,愚者,6,选择（周一求推荐票月票）,3185,5095594,5099334
1361,愚者,8,联合行动（周一求月票推荐票）,3098,5099334,5102971
1362,愚者,9,见证,3090,5102971,5106570
1363,愚者,10,治疗方案,3091,5106570,5110142
1364,愚者,11,行动派,3510,5110142,5114217
1365,愚者,12,摧毁,3213,5114217,5117905
1366,愚者,13,布置,3050,5117905,5121483
1367,愚者,14,支流,3249,5121483,5125194
1368,愚者,15,死亡烙印,3370,5125194,5129058
1369,愚者,16,大手笔,3082,5129058,5132555
1370,愚者,17,决断,3076,5132555,5136225
1371,愚者,18,谁是朋友谁是敌人,3186,5136225,5139825
1372,愚者,19,“许愿神灯”另外的用处（周一求推荐票月票）,3163,5139825,5143415
1373,愚者,20,面对（求月票推荐票）,3215,5143415,5147124
1374,愚者,21,命运木马,3372,5147124,5150943
1375,愚者,22,开始容纳,3692,5150943,5155166
1376,愚者,23,半个旧日,3035,5155166,5158600
1377,愚者,24,疯狂的呓语,3167,5158600,5162209
1378,愚者,25,改变计划,3724,5162209,5166476
1379,愚者,26,联手,3200,5166476,5170169
1380,愚者,27,一个奇迹,4198,5170169,5175036
1381,愚者,28,权柄,3265,5175036,5178872
1382,愚者,29,主场“优势”,3103,5178872,5182460
1383,愚者,30,制定规则,3046,5182460,5186018
1384,愚者,31,概念化（感谢芝士烟肉海鲜焗意粉打赏白银盟）,3293,5186018,5189793
1385,愚者,32,“疯”,3337,5189793,5193648
1386,愚者,33,狭路（周一求推荐票）,3549,5193648,5197782
1387,愚者,34,办法（周一求推荐票）,3171,5197782,5201484
1388,愚者,35,临时的聚会（双倍期间求月票）,3432,5201484,5205492
1389,愚者,36,“愚者”的委托（双倍期间求月票）,3529,5205492,5209600
1390,愚者,37,问答（双倍期间求月票）,3392,5209600,5213608
1391,愚者,38,去面对（双倍期间求月票）,3345,5213608,5217510
1392,愚者,39,昨日不再（双倍期间求月票）,3217,5217510,5221465
1393,愚者,40,梦开始的地方,3544,5221465,5225799
1394,愚者,41,新的旅程,1673,5225799,5227819
